siemens/siemens/podui|9cbd50cc-5190-4057-8498-0f398cade721|testw
siemens/siemens/podui|9cbd50cc-5190-4057-8498-0f398cade721|gggggg
siemens/siemens/podui|d349874b-db90-4393-bacd-98f0a4891927|tag1
siemens/siemens/podui|d349874b-db90-4393-bacd-98f0a4891927|tag2
siemens/siemens/podui|d349874b-db90-4393-bacd-98f0a4898006|gggggg
siemens/siemens/podui|d349874b-db90-4393-bacd-98f0a4898006|tag1
siemens/siemens/podui|d349874b-db90-4393-bacd-98f0a4898006|tag2
siemens/siemens/podui|d349874b-db90-4393-bacd-98f0a4898927|ssss
novant/novant/podui|d349877b-db90-4393-bacd-66f0a4813001|tags
novant/novant/podui|d349877b-db90-4393-bacd-66f0a4813002|tags
gdi/gdi/podui|0d3958e9-34cf-49c9-b045-d3a10010eafa|tag1
gdi/gdi/podui|0d3958e9-34cf-49c9-b045-d3a10010eafa|tag1
gdi/gdi/podui|0d3958e9-34cf-49c9-b045-d3a10010eafa|tag1
gdi/gdi/podui|0d3958e9-34cf-49c9-b045-d3a10010eafa|tag1
gdi/gdi/podui|0d3958e9-34cf-49c9-b045-d3a10010eafa|tag1
gdi/gdi/podui|0d3958e9-34cf-49c9-b045-d3a10010eafa|tag1
gdi/gdi/podui|0d3958e9-34cf-49c9-b045-d3a10010eafa|tag1
gdi/gdi/podui|0d3958e9-34cf-49c9-b045-d3a10010eafa|tag1
gdi/gdi/podui|0d3958e9-34cf-49c9-b045-d3a10010eafa|tag1
gdi/gdi/podui|b78a7692-176a-4c29-a673-897459206719|tags
gdi/gdi/podui|b78a7692-176a-4c29-a673-897459206719|newtag
gdi/gdi/podui|b78a7692-176a-4c29-a673-897459206719|tagssssss
gdi/gdi/podui|b78a7692-176a-4c29-a673-897459206719|tags
gdi/gdi/podui|b78a7692-176a-4c29-a673-897459206719|newtag
gdi/gdi/podui|b78a7692-176a-4c29-a673-897459206719|tagssssss
gdi/gdi/podui|b78a7692-176a-4c29-a673-897459206719|tags
gdi/gdi/podui|b78a7692-176a-4c29-a673-897459206719|newtag
gdi/gdi/podui|b78a7692-176a-4c29-a673-897459206719|tagssssss
gdi/gdi/podui|c445f733-0c6c-4007-afca-292a035f507f|newtagss
gdi/gdi/podui|c445f733-0c6c-4007-afca-292a035f507f|tgsss
gdi/gdi/podui|c445f733-0c6c-4007-afca-292a035f507f|tagssssss
gdi/gdi/podui|c445f733-0c6c-4007-afca-292a035f507f|newtagss
gdi/gdi/podui|c445f733-0c6c-4007-afca-292a035f507f|tgsss
gdi/gdi/podui|c445f733-0c6c-4007-afca-292a035f507f|tagssssss
gdi/gdi/podui|d349874b-db90-4393-bacd-98f0a4898032|Tag1
gdi/gdi/podui|d349874b-db90-4393-bacd-98f0a4898901|neww
