gdi/gdi/podv10|05840a41-95cf-4351-b091-e036324b380d||||2021-08-02 07:39:24.719000||||Radiology Home Basic v501|True|2021-08-02 07:39:24.719000||||Tableau|False
gdi/gdi/podv10|0b55d0c9-7215-4b05-9e92-f8102080d92c||||2021-08-02 07:39:24.719000||||Benchmark v501|True|2021-08-02 07:39:24.719000||||Tableau|False
gdi/gdi/podv10|10d05d6d-238f-4136-8525-d2911552241a||||2021-08-02 07:39:24.719000||||MRI Referral Analysis Trend Report (Sales)|True|2021-08-02 07:39:24.719000||||Tableau|False
gdi/gdi/podv10|1bed54f3-cd3d-4746-9bb8-35b2b147afc6||||2021-08-02 07:39:24.719000||||Turn Around Time Analysis v501|True|2021-08-02 07:39:24.719000||||Tableau|False
gdi/gdi/podv10|1ec78c4c-ef90-479f-9f95-e767815da617||||2021-08-02 07:39:24.719000||||Radiology Home Efficiency Plus v501|True|2021-08-02 07:39:24.719000||||Tableau|False
gdi/gdi/podv10|24450711-5cb2-4b6b-a813-f9ae8ac18f45||||2021-08-02 07:39:24.719000||||Top10ReferringPhysicians(gain and lose)|True|2021-08-02 07:39:24.719000||||Tableau|False
gdi/gdi/podv10|266ac0a5-0c33-4c98-ae41-ec0757979ab4||||2021-08-02 07:39:24.719000||||RICH Summary|True|2021-08-02 07:39:24.719000||||Tableau|False
gdi/gdi/podv10|29adf138-46ba-44ec-b069-bfcbb6ee9945||||2021-08-02 07:39:24.719000||||Sales Home|True|2021-08-02 07:39:24.719000||||Tableau|False
gdi/gdi/podv10|2b7c902e-2840-488b-b2c2-41b7fea95719||||2021-08-02 07:39:24.719000||||Exam Analysis Other Views v501|True|2021-08-02 07:39:24.719000||||Tableau|False
gdi/gdi/podv10|34669514-104a-4adc-b26d-f3a73e854830||||2021-06-02 14:12:08.591000||||Referral Analysis Demo|True|2021-06-02 14:12:08.591000||||Tableau|False
gdi/gdi/podv10|403ce459-2b7a-435a-8430-866220621072||||2021-06-02 14:12:08.591000||||Daily Patient Throughput|True|2021-06-02 14:12:08.591000||||Tableau|False
gdi/gdi/podv10|486cadc6-7a07-4d30-bcc9-1739d5d9b3b7||||2021-06-02 14:12:08.591000||||Operator Analysis|True|2021-06-02 14:12:08.591000||||Tableau|False
gdi/gdi/podv10|4fcff7ec-fff8-4c88-86f5-95f91c88044b||||2021-08-02 07:39:24.719000||||Referral Analysis Other Views (Sales)|True|2021-08-02 07:39:24.719000||||Tableau|False
gdi/gdi/podv10|5cf32fea-15f8-48f7-92cf-520f771fe4d2||||2021-06-02 14:12:08.591000||||Repeat Exam Analysis|True|2021-06-02 14:12:08.591000||||Tableau|False
gdi/gdi/podv10|6052faec-da6b-4fd6-8eaf-c6c17adee521||||2021-08-02 07:39:24.719000||||Exam Analysis v501|True|2021-08-02 07:39:24.719000||||Tableau|False
gdi/gdi/podv10|617cf213-6304-4a4e-9ad9-60e583239d83||||2021-06-02 14:12:08.591000||||Asset Utilization Demo|True|2021-06-02 14:12:08.591000||||Tableau|False
gdi/gdi/podv10|65168ced-7d85-4b3f-904e-01c79d9e4972||||2021-08-02 07:39:24.719000||||Referral Analysis Other Views v501|True|2021-08-02 07:39:24.719000||||Tableau|False
gdi/gdi/podv10|73085d3f-9f67-49fb-9d92-57a386cbb543||||2021-06-02 14:12:08.591000||||Procedure Analysis Demo|True|2021-06-02 14:12:08.591000||||Tableau|False
gdi/gdi/podv10|75cfa13a-d29e-4a01-9fd7-76a4172b4616||||2021-06-02 14:12:08.591000||||Procedure Analysis|True|2021-06-02 14:12:08.591000||||Tableau|False
gdi/gdi/podv10|7833f22d-c754-4cbb-bfa4-0d4468ebabfd||||2021-08-02 07:39:24.719000||||CT Referral Analysis Trend Report (Sales)|True|2021-08-02 07:39:24.719000||||Tableau|False
gdi/gdi/podv10|7a370977-ef9b-4f86-aa9d-010921636109||||2021-08-02 07:39:24.719000||||Operator Analysis Other Views v501|True|2021-08-02 07:39:24.719000||||Tableau|False
gdi/gdi/podv10|7a3cce16-5f7d-499a-a676-08a531224052||||2021-06-02 14:12:08.591000||||RDSR Compliance|True|2021-06-02 14:12:08.591000||||Tableau|False
gdi/gdi/podv10|7ac3c9d1-0ddd-4f2b-8bc5-5fbf8b574eba||||2021-06-02 14:12:08.591000||||Referral Analysis|True|2021-06-02 14:12:08.591000||||Tableau|False
gdi/gdi/podv10|7e4173f1-0a05-47ce-a496-56875917bcf8||||2021-08-02 07:39:24.719000||||Asset Utilization v5|True|2021-08-02 07:39:24.719000||||Tableau|False
gdi/gdi/podv10|84dbf2d0-ec22-49cb-b2b3-210034f942d0||||2021-08-02 07:39:24.719000||||Operator Analysis v501|True|2021-08-02 07:39:24.719000||||Tableau|False
gdi/gdi/podv10|8bfd0eff-5245-48ba-bbec-f566ba1d8771||||2021-08-02 07:39:24.719000||||Repeat Exam Analysis v501|True|2021-08-02 07:39:24.719000||||Tableau|False
gdi/gdi/podv10|8c1069f0-6fe8-41fa-869b-9f28f0c8f083||||2021-08-02 07:39:24.719000||||Exam Start Delays v501|True|2021-08-02 07:39:24.719000||||Tableau|False
gdi/gdi/podv10|98131a25-1bdf-4521-95bc-3e362413f1af||||2021-08-02 07:39:24.719000||||Referral Analysis v501|True|2021-08-02 07:39:24.719000||||Tableau|False
gdi/gdi/podv10|98f31652-6e45-4454-8c92-edd46419c2e1||||2021-08-02 07:39:24.719000||||Dose Analysis v501|True|2021-08-02 07:39:24.719000||||Tableau|False
gdi/gdi/podv10|9d58d7f4-1965-4a84-a829-fbecad33ff28||||2021-06-02 14:12:08.591000||||Dose Report (Beta)|True|2021-06-02 14:12:08.591000||||Tableau|False
gdi/gdi/podv10|a142bf41-0499-4933-956c-78435d28d860||||2021-08-02 07:39:24.719000||||Referral Analysis Top N Referrers v501|True|2021-08-02 07:39:24.719000||||Tableau|False
gdi/gdi/podv10|b44bbf81-7106-43d5-a3c6-e8874acc243d||||2021-08-02 07:39:24.719000||||Top10 Referrers|True|2021-08-02 07:39:24.719000||||Tableau|False
gdi/gdi/podv10|b627bd72-d73d-4d3f-8085-431466f0e602||||2021-08-02 07:39:24.719000||||Change Over Time Analysis v501|True|2021-08-02 07:39:24.719000||||Tableau|False
gdi/gdi/podv10|bdb0499d-336b-483e-8c80-b296fa047e13||||2021-08-02 07:39:24.719000||||MRI Referral Analysis Trend Report (Clinsights 2.1)|True|2021-08-02 07:39:24.719000||||Tableau|False
gdi/gdi/podv10|beac70f3-0aaa-4272-a57a-dfb534ac5173||||2021-08-02 07:39:24.719000||||System Inventory|True|2021-08-02 07:39:24.719000||||Tableau|False
gdi/gdi/podv10|caf0efd7-22b9-4869-950c-292b5722c1d8||||2021-08-02 07:39:24.719000||||Anomaly Detection SA|True|2021-08-02 07:39:24.719000||||Tableau|False
gdi/gdi/podv10|d349874b-db90-4393-bacd-98f0a4898006|False|True|gb|2018-01-11 00:00:00|||Dashboard|Customer Summary (Beta)|True|2018-01-16 00:00:00||||Internal|False
gdi/gdi/podv10|db773262-d222-4cd3-a43f-fdfe3a0b231f||||2021-08-02 07:39:24.719000||||Service Analytics Home|True|2021-08-02 07:39:24.719000||||Tableau|False
gdi/gdi/podv10|dd5c1a4b-1fd9-4157-bcee-4a2ea8343bb6||||2021-08-02 07:39:24.719000||||Asset Utilization v501|True|2021-08-02 07:39:24.719000||||Tableau|False
gdi/gdi/podv10|e872fe64-b741-4119-bf56-eb28915479a8||||2021-06-02 14:12:08.591000||||System Utilization|True|2021-06-02 14:12:08.591000||||Tableau|False
gdi/gdi/podv10|eb3e6e65-5b56-4069-9b0f-47e2efca919d||||2021-06-02 14:12:08.591000||||Operator Analysis - Demo|True|2021-06-02 14:12:08.591000||||Tableau|False
gdi/gdi/podv10|eba2c9be-c244-4c3a-a2fe-6d2ff3aa783c||||2021-08-02 07:39:24.719000||||Exam Throughput v501|True|2021-08-02 07:39:24.719000||||Tableau|False
gdi/gdi/podv10|ef0d9b18-364d-415d-bff1-2e79f3c478fb||||2021-06-02 14:12:08.591000||||Repeat Exam Analysis - Demo|True|2021-06-02 14:12:08.591000||||Tableau|False
gdi/gdi/podv10|f3830f79-1f69-4398-aaeb-cb4cb4fd064c||||2021-08-02 07:39:24.719000||||Top10 Exams|True|2021-08-02 07:39:24.719000||||Tableau|False
gdi/gdi/podv10|f414e5ea-9f30-41fd-856b-ee881e084e80||||2021-08-02 07:39:24.719000||||CT Referral Analysis Trend Report (Clinsights 2.1)|True|2021-08-02 07:39:24.719000||||Tableau|False
gdi/gdi/podv10|fb11bbd7-a892-4e63-8a15-83c698e0a916||||2021-08-02 07:39:24.719000||||Radiology Home v501|True|2021-08-02 07:39:24.719000||||Tableau|False
gdi/gdi/podui|0051a7cb-e67c-4181-8757-cc7217d9858f||||2021-12-06 07:06:04.231000||||Prdashboard_e97|True|2021-12-06 07:06:04.231000|gdiadmin@glassbeam.com|||Tableau|False
gdi/gdi/podui|006d5d8a-3652-410d-9edd-35a0694a7bda||||2021-12-06 07:06:04.231000||||Prdashboard_f20|True|2021-12-06 07:06:04.231000|gdiadmin@glassbeam.com|||Tableau|False
gdi/gdi/podui|00c3ef6f-149e-4aae-abbd-38028496d1c1||||2021-12-06 07:06:04.231000||||Prdashboard_g19|True|2021-12-06 07:06:04.231000|gdiadmin@glassbeam.com|||Tableau|False
gdi/gdi/podui|0125552f-a167-409c-9beb-190d4cb6cd3e||||2021-12-06 05:08:07.602000||||Prdashboard_d80|True|2021-12-06 05:08:07.602000|gdiadmin@glassbeam.com|||Tableau|False
gdi/gdi/podui|018593f1-b1bb-4c33-9430-6dfb1b1a9db1||||2021-12-06 07:06:04.231000||||Prdashboard_f5|True|2021-12-06 07:06:04.231000|gdiadmin@glassbeam.com|||Tableau|False
gdi/gdi/podui|0264c64c-cdfc-4c48-8493-d0dc04ec4df1||||2021-12-06 07:06:04.231000||||Prdashboard_e11|True|2021-12-06 07:06:04.231000|gdiadmin@glassbeam.com|||Tableau|False
gdi/gdi/podui|026f0f88-b54e-49e6-ae92-09cfe405f991||||2021-12-06 07:06:04.231000||||Prdashboard_f50|True|2021-12-06 07:06:04.231000|gdiadmin@glassbeam.com|||Tableau|False
gdi/gdi/podui|02f5316a-a491-4840-be2e-b640ae9129d1||||2021-12-06 07:06:04.231000||||Prdashboard_f18|True|2021-12-06 07:06:04.231000|gdiadmin@glassbeam.com|||Tableau|False
gdi/gdi/podui|030770a6-53b8-44af-88f7-66d8079a692c||||2021-12-03 11:39:06.724000||||Prdashboard_b2|True|2021-12-03 11:39:06.724000|gdiadmin@glassbeam.com|||Tableau|False
gdi/gdi/podui|038736d8-1e08-42b0-910e-3eb5317eb997||||2021-12-06 05:08:07.602000||||Prdashboard_d84|True|2021-12-06 05:08:07.602000|gdiadmin@glassbeam.com|||Tableau|False
gdi/gdi/podui|042bc027-18f5-4aa0-a864-13a53608e155||||2021-12-06 07:06:04.231000||||Prdashboard_g61|True|2021-12-06 07:06:04.231000|gdiadmin@glassbeam.com|||Tableau|False
gdi/gdi/podui|04528dcc-9a05-469e-87e0-20dac2b9072e||||2021-12-06 07:06:04.231000||||Prdashboard_f24|True|2021-12-06 07:06:04.231000|gdiadmin@glassbeam.com|||Tableau|False
gdi/gdi/podui|051d565f-1fac-4678-863b-ffb839b589ca||||2021-12-06 05:08:07.602000||||Prdashboard_d45|True|2021-12-06 05:08:07.602000|gdiadmin@glassbeam.com|||Tableau|False
gdi/gdi/podui|0545975e-fec9-42bb-9403-636b648bfaa9||||2021-12-06 07:06:04.231000||||Prdashboard_e74|True|2021-12-06 07:06:04.231000|gdiadmin@glassbeam.com|||Tableau|False
gdi/gdi/podui|058bfd21-572f-40d3-9493-19746c762b9f||||2021-12-06 05:08:07.602000||||Prdashboard_d99|True|2021-12-06 05:08:07.602000|gdiadmin@glassbeam.com|||Tableau|False
gdi/gdi/podui|05f54e6e-567b-4d83-974b-f9391f587ee9||||2021-12-06 05:08:07.602000||||Prdashboard_d25|True|2021-12-06 05:08:07.602000|gdiadmin@glassbeam.com|||Tableau|False
gdi/gdi/podui|06dd26a5-e950-484f-829e-ed12eca76d8a||||2021-12-06 07:06:04.231000||||Prdashboard_g8|True|2021-12-06 07:06:04.231000|gdiadmin@glassbeam.com|||Tableau|False
gdi/gdi/podui|0794d137-2ae1-434a-8207-f0aa4aad27db||||2021-12-03 11:39:06.724000||||Prdashboard_b3|True|2021-12-03 11:39:06.724000|gdiadmin@glassbeam.com|||Tableau|False
gdi/gdi/podui|0822f77c-4825-4da6-ab92-7c58c111bf56||||2021-12-06 07:06:04.231000||||Prdashboard_g54|True|2021-12-06 07:06:04.231000|gdiadmin@glassbeam.com|||Tableau|False
gdi/gdi/podui|0850cfa7-1598-4c05-a903-ae8a93e135b1||||2021-12-06 07:06:04.231000||||Prdashboard_e61|True|2021-12-06 07:06:04.231000|gdiadmin@glassbeam.com|||Tableau|False
gdi/gdi/podui|0898b9dc-fd6d-4609-b0ed-d69f0b3e2277||||2021-12-03 11:23:56.408000||||Prdashboard_a7|True|2021-12-03 11:23:56.408000|gdiadmin@glassbeam.com|||Tableau|False
gdi/gdi/podui|08c7e9c0-dbe3-42ab-b64c-029ff3c95cca||||2021-12-06 07:06:04.231000||||Prdashboard_g86|True|2021-12-06 07:06:04.231000|gdiadmin@glassbeam.com|||Tableau|False
gdi/gdi/podui|09489d8c-e25b-4384-8d25-f3cd31951486||||2021-12-03 12:33:57.648000||||Prdashboard_c9|True|2021-12-03 12:33:57.648000|gdiadmin@glassbeam.com|||Tableau|False
gdi/gdi/podui|0976ca52-f0a1-42c9-b7f6-29d1d547cad7||||2021-12-06 07:06:04.231000||||Prdashboard_f76|True|2021-12-06 07:06:04.231000|gdiadmin@glassbeam.com|||Tableau|False
gdi/gdi/podui|099dc2de-ff38-47c6-b2f1-5207c96f0a98||||2021-12-06 07:06:04.231000||||Prdashboard_e27|True|2021-12-06 07:06:04.231000|gdiadmin@glassbeam.com|||Tableau|False
gdi/gdi/podui|0a1c1e25-f8a9-4441-9a7b-3d708ac10600||||2021-12-06 05:08:07.602000||||Prdashboard_d15|True|2021-12-06 05:08:07.602000|gdiadmin@glassbeam.com|||Tableau|False
gdi/gdi/podui|0b55bf53-1553-4994-9a8d-b40579d98f07||||2021-12-06 07:06:04.231000||||Prdashboard_e25|True|2021-12-06 07:06:04.231000|gdiadmin@glassbeam.com|||Tableau|False
gdi/gdi/podui|0bf2a0e8-b7d0-4316-aac3-abede05702f4||||2021-12-06 07:06:04.231000||||Prdashboard_f8|True|2021-12-06 07:06:04.231000|gdiadmin@glassbeam.com|||Tableau|False
gdi/gdi/podui|0c05f8d7-6499-4987-b59b-93edf168b307||||2021-12-06 07:06:04.231000||||Prdashboard_f62|True|2021-12-06 07:06:04.231000|gdiadmin@glassbeam.com|||Tableau|False
gdi/gdi/podui|0d3958e9-34cf-49c9-b045-d3a10010eafa||||2021-07-23 05:03:06.655000||||Exam Analysis v501|True|2021-07-23 05:03:06.655000||||Tableau|False
gdi/gdi/podui|0e9bef79-ed90-4251-9612-2b4b7b166d22||||2021-12-06 07:06:04.231000||||Prdashboard_e89|True|2021-12-06 07:06:04.231000|gdiadmin@glassbeam.com|||Tableau|False
gdi/gdi/podui|0eac4484-fecf-4219-93f0-8e52ddf3c5a1||||2021-12-06 07:06:04.231000||||Prdashboard_f93|True|2021-12-06 07:06:04.231000|gdiadmin@glassbeam.com|||Tableau|False
gdi/gdi/podui|107570d6-d67d-4c14-89e2-748f1cdf45cb||||2021-12-06 07:06:04.231000||||Prdashboard_g33|True|2021-12-06 07:06:04.231000|gdiadmin@glassbeam.com|||Tableau|False
gdi/gdi/podui|10c79b03-8bfe-482d-8c27-0ce840553217||||2021-12-06 05:08:07.602000||||Prdashboard_d3|True|2021-12-06 05:08:07.602000|gdiadmin@glassbeam.com|||Tableau|False
gdi/gdi/podui|10ef51bf-a1f4-456d-bf7f-a132d7267172||||2021-12-06 07:06:04.231000||||Prdashboard_e82|True|2021-12-06 07:06:04.231000|gdiadmin@glassbeam.com|||Tableau|False
gdi/gdi/podui|1233b208-aea6-452e-8f8e-03e4c13eb98d||||2021-12-06 07:06:04.231000||||Prdashboard_g46|True|2021-12-06 07:06:04.231000|gdiadmin@glassbeam.com|||Tableau|False
gdi/gdi/podui|14642844-c1a4-4430-ac7a-26e0be2cdaf7||||2021-12-06 07:06:04.231000||||Prdashboard_f33|True|2021-12-06 07:06:04.231000|gdiadmin@glassbeam.com|||Tableau|False
gdi/gdi/podui|1478bd46-1fa7-4cde-8bfc-7941ae8aefdf||||2021-12-06 07:06:04.231000||||Prdashboard_g77|True|2021-12-06 07:06:04.231000|gdiadmin@glassbeam.com|||Tableau|False
gdi/gdi/podui|14a904a5-b1fd-461e-becd-2dfc1edc2f2e||||2021-12-03 11:23:56.408000||||Prdashboard_a12|True|2021-12-03 11:23:56.408000|gdiadmin@glassbeam.com|||Tableau|False
gdi/gdi/podui|14e6fe1e-6284-4ce9-91e5-c9740a40ac89||||2021-12-06 07:06:04.231000||||Prdashboard_g92|True|2021-12-06 07:06:04.231000|gdiadmin@glassbeam.com|||Tableau|False
gdi/gdi/podui|1522f6d8-0c30-463c-8349-942fe5e69231||||2021-12-06 07:06:04.231000||||Prdashboard_f70|True|2021-12-06 07:06:04.231000|gdiadmin@glassbeam.com|||Tableau|False
gdi/gdi/podui|158253b3-0d3a-4188-9a3b-12407b644915||||2021-12-06 07:06:04.231000||||Prdashboard_e65|True|2021-12-06 07:06:04.231000|gdiadmin@glassbeam.com|||Tableau|False
gdi/gdi/podui|15d763fd-24dc-4cb3-b8f9-9eec27b08d8a||||2021-12-06 07:06:04.231000||||Prdashboard_f85|True|2021-12-06 07:06:04.231000|gdiadmin@glassbeam.com|||Tableau|False
gdi/gdi/podui|16059cc6-ff00-4f5b-a248-43d7e813c328||||2021-12-03 11:23:56.408000||||Prdashboard_a15|True|2021-12-03 11:23:56.408000|gdiadmin@glassbeam.com|||Tableau|False
gdi/gdi/podui|16825068-2e7f-41c4-bc97-17ec3d6248ab||||2021-12-06 07:06:04.231000||||Prdashboard_f30|True|2021-12-06 07:06:04.231000|gdiadmin@glassbeam.com|||Tableau|False
gdi/gdi/podui|17c527b7-d21d-4a78-8e03-8ff9fe8c4871||||2021-12-06 07:06:04.231000||||Prdashboard_g2|True|2021-12-06 07:06:04.231000|gdiadmin@glassbeam.com|||Tableau|False
gdi/gdi/podui|1809aaa6-8f91-4cef-bdda-9c489d34f6e0||||2021-12-06 07:06:04.231000||||Prdashboard_g82|True|2021-12-06 07:06:04.231000|gdiadmin@glassbeam.com|||Tableau|False
gdi/gdi/podui|186d38a7-4fcc-4abb-8938-d573a5eb3da5||||2021-12-03 12:33:57.648000||||Prdashboard_c12|True|2021-12-03 12:33:57.648000|gdiadmin@glassbeam.com|||Tableau|False
gdi/gdi/podui|18e2aebc-ccb1-43ab-a530-762f61d41548||||2021-12-06 05:08:07.602000||||Prdashboard_d62|True|2021-12-06 05:08:07.602000|gdiadmin@glassbeam.com|||Tableau|False
gdi/gdi/podui|1903e5fa-0051-423d-af58-c6b39d5eea6b||||2021-12-06 07:06:04.231000||||Prdashboard_g81|True|2021-12-06 07:06:04.231000|gdiadmin@glassbeam.com|||Tableau|False
gdi/gdi/podui|1a01c720-3408-409d-b219-b11a3b12a8ee||||2021-12-03 12:33:57.648000||||Prdashboard_c14|True|2021-12-03 12:33:57.648000|gdiadmin@glassbeam.com|||Tableau|False
gdi/gdi/podui|1a43e621-48bc-4ab2-a09c-e1bc4d886aa7||||2021-12-06 05:08:07.602000||||Prdashboard_d83|True|2021-12-06 05:08:07.602000|gdiadmin@glassbeam.com|||Tableau|False
gdi/gdi/podui|1b221522-d473-4e2d-a5af-e34c391083fd||||2021-12-06 05:08:07.602000||||Prdashboard_d30|True|2021-12-06 05:08:07.602000|gdiadmin@glassbeam.com|||Tableau|False
gdi/gdi/podui|1b3a2833-f97a-469b-9beb-0a02e56676a2||||2021-12-03 11:39:06.724000||||Prdashboard_b10|True|2021-12-03 11:39:06.724000|gdiadmin@glassbeam.com|||Tableau|False
gdi/gdi/podui|1b45cc72-9c77-4ccb-abd6-a8398503fcd2||||2021-12-06 07:06:04.231000||||Prdashboard_e75|True|2021-12-06 07:06:04.231000|gdiadmin@glassbeam.com|||Tableau|False
gdi/gdi/podui|1b66e324-20e6-4f0a-a204-bffd14061fbd||||2021-12-06 07:06:04.231000||||Prdashboard_g9|True|2021-12-06 07:06:04.231000|gdiadmin@glassbeam.com|||Tableau|False
gdi/gdi/podui|1e1b80e9-ea74-4e55-b934-a96886b5322f||||2021-07-23 05:03:06.655000||||Referral Analysis v501|True|2021-07-23 05:03:06.655000||||Tableau|False
gdi/gdi/podui|1e7d0470-8207-4969-a79e-ab3842c13322||||2021-12-06 05:08:07.602000||||Prdashboard_d9|True|2021-12-06 05:08:07.602000|gdiadmin@glassbeam.com|||Tableau|False
gdi/gdi/podui|1eb7e16e-7541-4d92-a4e9-d7ef2cbfd8e9||||2021-12-06 07:06:04.231000||||Prdashboard_f77|True|2021-12-06 07:06:04.231000|gdiadmin@glassbeam.com|||Tableau|False
gdi/gdi/podui|1fb3308a-8a31-4a8e-adce-28414c6a965c||||2021-12-06 07:06:04.231000||||Prdashboard_g1|True|2021-12-06 07:06:04.231000|gdiadmin@glassbeam.com|||Tableau|False
gdi/gdi/podui|1fe4c2ab-9459-42e2-b9b0-fe5a92628982||||2021-12-06 07:06:04.231000||||Prdashboard_e1|True|2021-12-06 07:06:04.231000|gdiadmin@glassbeam.com|||Tableau|False
gdi/gdi/podui|202f670f-1115-4dfe-ac33-0c8706d25fcc||||2021-12-06 07:06:04.231000||||Prdashboard_g20|True|2021-12-06 07:06:04.231000|gdiadmin@glassbeam.com|||Tableau|False
gdi/gdi/podui|209b1aa8-fc95-4cfb-951a-aac91de54155||||2021-12-06 07:06:04.231000||||Prdashboard_g45|True|2021-12-06 07:06:04.231000|gdiadmin@glassbeam.com|||Tableau|False
gdi/gdi/podui|20d3dfff-8db6-43bb-97d8-43c89da9a0f6||||2021-12-06 05:08:07.602000||||Prdashboard_d27|True|2021-12-06 05:08:07.602000|gdiadmin@glassbeam.com|||Tableau|False
gdi/gdi/podui|218cfcae-7e50-490f-866e-1ff82022cfce||||2021-12-06 07:06:04.231000||||Prdashboard_g70|True|2021-12-06 07:06:04.231000|gdiadmin@glassbeam.com|||Tableau|False
gdi/gdi/podui|21c151bd-8484-49d5-8861-eaee6d055ea5||||2021-12-06 07:06:04.231000||||Prdashboard_e100|True|2021-12-06 07:06:04.231000|gdiadmin@glassbeam.com|||Tableau|False
gdi/gdi/podui|2225c861-3570-4f35-942c-6c43f4272ab6||||2021-12-06 07:06:04.231000||||Prdashboard_f66|True|2021-12-06 07:06:04.231000|gdiadmin@glassbeam.com|||Tableau|False
gdi/gdi/podui|235acced-7ebc-47a3-b466-8f6596c2dfe7||||2021-07-23 05:03:06.655000||||Exam Start Delays v501|True|2021-07-23 05:03:06.655000||||Tableau|False
gdi/gdi/podui|23a0d18b-c8fa-486e-a2c3-f720cae1dd69||||2021-12-06 07:06:04.231000||||Prdashboard_g56|True|2021-12-06 07:06:04.231000|gdiadmin@glassbeam.com|||Tableau|False
gdi/gdi/podui|23c560cc-060d-4293-a63d-030097077e85||||2021-12-06 07:06:04.231000||||Prdashboard_e49|True|2021-12-06 07:06:04.231000|gdiadmin@glassbeam.com|||Tableau|False
gdi/gdi/podui|23deab0b-6863-481c-a9f6-09fc34c42d5d||||2021-12-06 07:06:04.231000||||Prdashboard_e26|True|2021-12-06 07:06:04.231000|gdiadmin@glassbeam.com|||Tableau|False
gdi/gdi/podui|246c0287-0d52-4c59-a445-266c85ecc68a||||2021-07-23 05:03:06.655000||||Service Analytics Home|True|2021-07-23 05:03:06.655000||||Tableau|False
gdi/gdi/podui|24fba8ab-f0dd-4c36-ac64-0b1c45ea33ac||||2021-12-03 11:23:56.408000||||Prdashboard_a19|True|2021-12-03 11:23:56.408000|gdiadmin@glassbeam.com|||Tableau|False
gdi/gdi/podui|25625b40-f09d-4934-89eb-95f5ac1e166f||||2021-12-03 11:23:56.408000||||Prdashboard_a17|True|2021-12-03 11:23:56.408000|gdiadmin@glassbeam.com|||Tableau|False
gdi/gdi/podui|264395d0-ec14-4caf-ab93-2c54467733b6||||2021-12-06 07:06:04.231000||||Prdashboard_e46|True|2021-12-06 07:06:04.231000|gdiadmin@glassbeam.com|||Tableau|False
gdi/gdi/podui|265b22af-2bac-4955-82d7-6a3af620f70e||||2021-12-03 12:33:57.648000||||Prdashboard_c7|True|2021-12-03 12:33:57.648000|gdiadmin@glassbeam.com|||Tableau|False
gdi/gdi/podui|26bfbf2c-f6e9-4c89-ab13-1fb52ada3d11||||2021-12-06 07:06:04.231000||||Prdashboard_e88|True|2021-12-06 07:06:04.231000|gdiadmin@glassbeam.com|||Tableau|False
gdi/gdi/podui|27482281-13e8-4e31-93a9-c7d35c8a40a1||||2021-07-23 05:03:06.655000||||Radiology Home v501|True|2021-07-23 05:03:06.655000||||Tableau|False
gdi/gdi/podui|2748d1fd-ffd1-4d35-a4e9-40ac1cb33c71||||2021-12-06 05:08:07.602000||||Prdashboard_d65|True|2021-12-06 05:08:07.602000|gdiadmin@glassbeam.com|||Tableau|False
gdi/gdi/podui|2888aa6a-1d9e-4754-bf9b-ddd929b504ca||||2021-12-06 07:06:04.231000||||Prdashboard_f39|True|2021-12-06 07:06:04.231000|gdiadmin@glassbeam.com|||Tableau|False
gdi/gdi/podui|28bd2a70-0c6a-4920-9cd0-b39427932b40||||2021-12-06 07:06:04.231000||||Prdashboard_g39|True|2021-12-06 07:06:04.231000|gdiadmin@glassbeam.com|||Tableau|False
gdi/gdi/podui|28cd373b-ab9e-4f4f-83b0-173e28d2ebb1||||2021-12-06 07:06:04.231000||||Prdashboard_e29|True|2021-12-06 07:06:04.231000|gdiadmin@glassbeam.com|||Tableau|False
gdi/gdi/podui|29acc21b-0df7-4bae-b391-4df703ce6e83||||2021-12-03 11:40:49.693000||||Prdashboard_b20|True|2021-12-03 11:40:49.693000|gdiadmin@glassbeam.com|||Tableau|False
gdi/gdi/podui|2b08880c-acaa-4e97-a639-35c3a6f0da39||||2021-12-06 07:06:04.231000||||Prdashboard_f13|True|2021-12-06 07:06:04.231000|gdiadmin@glassbeam.com|||Tableau|False
gdi/gdi/podui|2b293081-11b8-4459-bafc-c17b00241f9c||||2021-12-06 05:08:07.602000||||Prdashboard_d43|True|2021-12-06 05:08:07.602000|gdiadmin@glassbeam.com|||Tableau|False
gdi/gdi/podui|2c6bce5f-fcf9-4568-ba49-31ec52094b97||||2021-07-23 05:03:06.655000||||Exam Throughput v501|True|2021-07-23 05:03:06.655000||||Internal|False
gdi/gdi/podui|2d034199-4851-4ea9-9d27-8eaba2cd1a4a||||2021-12-03 11:23:56.408000||||Prdashboard_a13|True|2021-12-03 11:23:56.408000|gdiadmin@glassbeam.com|||Tableau|False
gdi/gdi/podui|2d18160b-8f04-454f-a1ad-9c35456adb5d||||2021-12-06 07:06:04.231000||||Prdashboard_e6|True|2021-12-06 07:06:04.231000|gdiadmin@glassbeam.com|||Tableau|False
gdi/gdi/podui|2d39fbf1-5c75-45ce-bc26-d24e9eb9f62d||||2021-12-06 07:06:04.231000||||Prdashboard_e37|True|2021-12-06 07:06:04.231000|gdiadmin@glassbeam.com|||Tableau|False
gdi/gdi/podui|2db73284-4523-4154-a423-c80aa944d9dc||||2021-12-06 07:06:04.231000||||Prdashboard_e10|True|2021-12-06 07:06:04.231000|gdiadmin@glassbeam.com|||Tableau|False
gdi/gdi/podui|2df0bacb-9ebd-4bed-86c6-3f67d5242a8b||||2021-12-03 12:33:57.648000||||Prdashboard_c10|True|2021-12-03 12:33:57.648000|gdiadmin@glassbeam.com|||Tableau|False
gdi/gdi/podui|2e087150-437a-4716-98f9-de9db6ff0544||||2021-12-03 11:39:06.724000||||Prdashboard_b13|True|2021-12-03 11:39:06.724000|gdiadmin@glassbeam.com|||Tableau|False
gdi/gdi/podui|2eb8e5da-f220-4d9f-8aed-5fdb5060e789||||2021-07-23 05:03:06.655000||||Operator Analysis v501|True|2021-07-23 05:03:06.655000||||Tableau|False
gdi/gdi/podui|2ef60796-db0b-458b-98e4-f3b2ff644082||||2021-12-06 07:06:04.231000||||Prdashboard_e24|True|2021-12-06 07:06:04.231000|gdiadmin@glassbeam.com|||Tableau|False
gdi/gdi/podui|2f0232cd-9576-4a8b-b735-1c05de24ac6c||||2021-12-06 05:08:07.602000||||Prdashboard_d33|True|2021-12-06 05:08:07.602000|gdiadmin@glassbeam.com|||Tableau|False
gdi/gdi/podui|2f9e3c7b-d5ce-49f0-8170-42862e51234d||||2021-12-06 07:06:04.231000||||Prdashboard_f91|True|2021-12-06 07:06:04.231000|gdiadmin@glassbeam.com|||Tableau|False
gdi/gdi/podui|304aae0a-d9f3-4b23-84ea-31966ede9911||||2021-12-06 07:06:04.231000||||Prdashboard_g13|True|2021-12-06 07:06:04.231000|gdiadmin@glassbeam.com|||Tableau|False
gdi/gdi/podui|31253afc-5113-4440-912a-6bd4857c29ef||||2021-07-23 05:03:06.655000||||Asset Utilization v501|True|2021-07-23 05:03:06.655000||||Tableau|False
gdi/gdi/podui|34643120-4357-4eec-a496-1fa5da24764d||||2021-12-06 07:06:04.231000||||Prdashboard_f42|True|2021-12-06 07:06:04.231000|gdiadmin@glassbeam.com|||Tableau|False
gdi/gdi/podui|350b3f63-4030-4347-aa2c-d8ad0270c84c||||2021-07-23 05:03:06.655000||||Event Profile SA|True|2021-07-23 05:03:06.655000||||Tableau|False
gdi/gdi/podui|36390d57-3396-48a8-9297-52a9b153300b||||2021-12-06 05:08:07.602000||||Prdashboard_d17|True|2021-12-06 05:08:07.602000|gdiadmin@glassbeam.com|||Tableau|False
gdi/gdi/podui|36602df3-b0dc-4b31-a61b-6be6a769733e||||2021-12-06 07:06:04.231000||||Prdashboard_g16|True|2021-12-06 07:06:04.231000|gdiadmin@glassbeam.com|||Tableau|False
gdi/gdi/podui|36729dd6-5587-4b7f-8d8c-3b1724592c0f||||2021-12-06 07:06:04.231000||||Prdashboard_e33|True|2021-12-06 07:06:04.231000|gdiadmin@glassbeam.com|||Tableau|False
gdi/gdi/podui|37613742-c7fa-41c3-9a2a-c23f34cf3850||||2021-12-06 07:06:04.231000||||Prdashboard_g71|True|2021-12-06 07:06:04.231000|gdiadmin@glassbeam.com|||Tableau|False
gdi/gdi/podui|3800e3c4-c7e8-484a-954f-37137e473475||||2021-12-06 07:06:04.231000||||Prdashboard_g67|True|2021-12-06 07:06:04.231000|gdiadmin@glassbeam.com|||Tableau|False
gdi/gdi/podui|3847271b-90e7-4ffe-90e4-fd903a22970c||||2021-12-06 07:06:04.231000||||Prdashboard_g38|True|2021-12-06 07:06:04.231000|gdiadmin@glassbeam.com|||Tableau|False
gdi/gdi/podui|389cac03-d3ed-4fd7-9def-0816439468f2||||2021-12-03 12:33:57.648000||||Prdashboard_c6|True|2021-12-03 12:33:57.648000|gdiadmin@glassbeam.com|||Tableau|False
gdi/gdi/podui|38d0fb83-516b-461f-b947-c6447846a38d||||2021-12-06 05:08:07.602000||||Prdashboard_d90|True|2021-12-06 05:08:07.602000|gdiadmin@glassbeam.com|||Tableau|False
gdi/gdi/podui|391d614f-df33-4cb9-8ceb-e30f209eec45||||2021-12-06 05:08:07.602000||||Prdashboard_d31|True|2021-12-06 05:08:07.602000|gdiadmin@glassbeam.com|||Tableau|False
gdi/gdi/podui|3939a0d5-2b66-45c5-8824-834e86df73ed||||2021-12-06 05:08:07.602000||||Prdashboard_d95|True|2021-12-06 05:08:07.602000|gdiadmin@glassbeam.com|||Tableau|False
gdi/gdi/podui|39474a65-53b1-44d5-a992-e1d49d733011||||2021-12-06 07:06:04.231000||||Prdashboard_g91|True|2021-12-06 07:06:04.231000|gdiadmin@glassbeam.com|||Tableau|False
gdi/gdi/podui|3975e94f-0231-49ee-b7fe-16ff9bee6b5c||||2021-12-06 07:06:04.231000||||Prdashboard_f96|True|2021-12-06 07:06:04.231000|gdiadmin@glassbeam.com|||Tableau|False
gdi/gdi/podui|3aa7cc24-f68e-439a-8d8b-a1ac3cd80a35||||2021-12-06 07:06:04.231000||||Prdashboard_f57|True|2021-12-06 07:06:04.231000|gdiadmin@glassbeam.com|||Tableau|False
gdi/gdi/podui|3c2c0ad4-e20d-452d-ad92-8017c8774ca3||||2021-12-06 07:06:04.231000||||Prdashboard_e31|True|2021-12-06 07:06:04.231000|gdiadmin@glassbeam.com|||Tableau|False
gdi/gdi/podui|3d35c6c7-c0ee-439f-a286-21c543b2edeb||||2021-12-06 05:08:07.602000||||Prdashboard_d78|True|2021-12-06 05:08:07.602000|gdiadmin@glassbeam.com|||Tableau|False
gdi/gdi/podui|3d836fe7-6295-494b-a3ae-a5269bdbb49e||||2021-12-03 12:33:57.648000||||Prdashboard_c20|True|2021-12-03 12:33:57.648000|gdiadmin@glassbeam.com|||Tableau|False
gdi/gdi/podui|3f40e8b0-3aac-49a8-8ff5-c6f4d6d16d38||||2021-12-06 07:06:04.231000||||Prdashboard_f1|True|2021-12-06 07:06:04.231000|gdiadmin@glassbeam.com|||Tableau|False
gdi/gdi/podui|4025f3c2-fb58-4878-a87d-405df0be1295||||2021-12-06 07:06:04.231000||||Prdashboard_e56|True|2021-12-06 07:06:04.231000|gdiadmin@glassbeam.com|||Tableau|False
gdi/gdi/podui|4066d7b8-6889-48c8-8508-97193721d4d6||||2021-12-06 05:08:07.602000||||Prdashboard_d4|True|2021-12-06 05:08:07.602000|gdiadmin@glassbeam.com|||Tableau|False
gdi/gdi/podui|40c422f3-4703-44a9-b898-72e1df8509fa||||2021-07-23 05:03:06.655000||||System Inventory|True|2021-07-23 05:03:06.655000||||Tableau|False
gdi/gdi/podui|40d8afed-395f-4220-9226-e7c05b71111a||||2021-12-03 12:33:57.648000||||Prdashboard_c11|True|2021-12-03 12:33:57.648000|gdiadmin@glassbeam.com|||Tableau|False
gdi/gdi/podui|4157c469-c7a0-4bd6-b04d-d8f86b90cb11||||2021-12-06 07:06:04.231000||||Prdashboard_g52|True|2021-12-06 07:06:04.231000|gdiadmin@glassbeam.com|||Tableau|False
gdi/gdi/podui|419cf415-81bb-43ee-9c81-f3dff1986f4a||||2021-12-06 07:06:04.231000||||Prdashboard_f27|True|2021-12-06 07:06:04.231000|gdiadmin@glassbeam.com|||Tableau|False
gdi/gdi/podui|4309b499-42fd-4033-b9fb-04ac22fa9f61||||2021-12-06 05:08:07.602000||||Prdashboard_d39|True|2021-12-06 05:08:07.602000|gdiadmin@glassbeam.com|||Tableau|False
gdi/gdi/podui|430ebe13-2eb1-42eb-901c-f3564990846b||||2021-12-06 07:06:04.231000||||Prdashboard_g75|True|2021-12-06 07:06:04.231000|gdiadmin@glassbeam.com|||Tableau|False
gdi/gdi/podui|434e9baa-8bac-4d16-8593-c0caee1b5b6c||||2021-12-06 07:06:04.231000||||Prdashboard_f34|True|2021-12-06 07:06:04.231000|gdiadmin@glassbeam.com|||Tableau|False
gdi/gdi/podui|43630383-eeea-4cf8-b120-d6261c8b43e6||||2021-12-06 05:08:07.602000||||Prdashboard_d32|True|2021-12-06 05:08:07.602000|gdiadmin@glassbeam.com|||Tableau|False
gdi/gdi/podui|452de19e-a59a-4dc8-9694-85fbc6a35025||||2021-12-06 05:08:07.602000||||Prdashboard_d72|True|2021-12-06 05:08:07.602000|gdiadmin@glassbeam.com|||Tableau|False
gdi/gdi/podui|4660e135-1781-4929-a4c3-402290c85c76||||2021-12-06 07:06:04.231000||||Prdashboard_g76|True|2021-12-06 07:06:04.231000|gdiadmin@glassbeam.com|||Tableau|False
gdi/gdi/podui|47cae1aa-107e-4ab8-8548-dfabebf7143b||||2021-12-06 07:06:04.231000||||Prdashboard_f41|True|2021-12-06 07:06:04.231000|gdiadmin@glassbeam.com|||Tableau|False
gdi/gdi/podui|480121f2-7b2a-4095-969d-54d03a4d3b1f||||2021-12-06 07:06:04.231000||||Prdashboard_e79|True|2021-12-06 07:06:04.231000|gdiadmin@glassbeam.com|||Tableau|False
gdi/gdi/podui|480a6971-9431-49fd-9aa9-18de626918a2||||2021-07-27 14:22:07.483000||||Top10 Exams|True|2021-07-27 14:22:07.483000||||Tableau|False
gdi/gdi/podui|484f13a4-6bac-409d-9b3b-a0e11e930fd5||||2021-12-06 07:06:04.231000||||Prdashboard_g59|True|2021-12-06 07:06:04.231000|gdiadmin@glassbeam.com|||Tableau|False
gdi/gdi/podui|48a07b17-5270-4848-bfcd-11ac8db6f347||||2021-07-23 05:03:06.655000||||Operator Analysis Other Views v501|True|2021-07-23 05:03:06.655000||||Tableau|False
gdi/gdi/podui|49815514-29b3-4401-98a6-ed929df6cda5||||2021-12-03 11:39:06.724000||||Prdashboard_b5|True|2021-12-03 11:39:06.724000|gdiadmin@glassbeam.com|||Tableau|False
gdi/gdi/podui|4a1df9fb-893f-4f1e-bfac-8a1cdb913dd5||||2021-12-06 07:06:04.231000||||Prdashboard_e93|True|2021-12-06 07:06:04.231000|gdiadmin@glassbeam.com|||Tableau|False
gdi/gdi/podui|4ab50ff9-69c0-4505-a5af-0c0896194425||||2021-12-06 05:08:07.602000||||Prdashboard_d73|True|2021-12-06 05:08:07.602000|gdiadmin@glassbeam.com|||Tableau|False
gdi/gdi/podui|4ad1cf65-478b-405f-8799-0eb2559ded94||||2021-12-06 07:06:04.231000||||Prdashboard_g10|True|2021-12-06 07:06:04.231000|gdiadmin@glassbeam.com|||Tableau|False
gdi/gdi/podui|4afa544a-2a73-4518-bbe6-6779d979f888||||2021-12-06 07:06:04.231000||||Prdashboard_f92|True|2021-12-06 07:06:04.231000|gdiadmin@glassbeam.com|||Tableau|False
gdi/gdi/podui|4b8f4e36-8390-4c62-a11b-27897e1af98b||||2021-12-06 07:06:04.231000||||Prdashboard_f9|True|2021-12-06 07:06:04.231000|gdiadmin@glassbeam.com|||Tableau|False
gdi/gdi/podui|4b8f57b0-6462-4dfc-ad5d-5ea4e46e31bd||||2021-12-06 07:06:04.231000||||Prdashboard_f89|True|2021-12-06 07:06:04.231000|gdiadmin@glassbeam.com|||Tableau|False
gdi/gdi/podui|4baab03b-7fd3-42ac-a38a-d44246111d17||||2021-12-06 07:06:04.231000||||Prdashboard_g5|True|2021-12-06 07:06:04.231000|gdiadmin@glassbeam.com|||Tableau|False
gdi/gdi/podui|4d68eeea-026d-4a19-aa35-ab7e3b40850c||||2021-07-23 05:03:06.655000||||Dose Analysis v501|True|2021-07-23 05:03:06.655000||||Tableau|False
gdi/gdi/podui|4e0a8146-000d-432d-9567-f27e055245b6||||2021-12-06 07:06:04.231000||||Prdashboard_f7|True|2021-12-06 07:06:04.231000|gdiadmin@glassbeam.com|||Tableau|False
gdi/gdi/podui|4e4b14fc-c4b4-4539-aa1f-702b16275aa7||||2021-12-06 07:06:04.231000||||Prdashboard_f90|True|2021-12-06 07:06:04.231000|gdiadmin@glassbeam.com|||Tableau|False
gdi/gdi/podui|4f18c266-4091-4e28-b4d9-15be22bc0085||||2021-07-27 14:22:07.483000||||Top10 Referrers|True|2021-07-27 14:22:07.483000||||Tableau|False
gdi/gdi/podui|4f46f5a4-f399-43a7-a3d1-4f50a92702a2||||2021-12-06 05:08:07.602000||||Prdashboard_d93|True|2021-12-06 05:08:07.602000|gdiadmin@glassbeam.com|||Tableau|False
gdi/gdi/podui|4f7c21af-30c2-457b-a1ef-c591c99c46d7||||2021-12-06 07:06:04.231000||||Prdashboard_e92|True|2021-12-06 07:06:04.231000|gdiadmin@glassbeam.com|||Tableau|False
gdi/gdi/podui|51116f31-6a22-4bd3-8e56-67428d92c6da||||2021-12-06 05:08:07.602000||||Prdashboard_d10|True|2021-12-06 05:08:07.602000|gdiadmin@glassbeam.com|||Tableau|False
gdi/gdi/podui|51e37821-e6f4-4470-bf1e-0bd66728397b||||2021-12-06 07:06:04.231000||||Prdashboard_e83|True|2021-12-06 07:06:04.231000|gdiadmin@glassbeam.com|||Tableau|False
gdi/gdi/podui|520a7171-420e-4d15-8dd8-1ce0aea01f5e||||2021-12-06 07:06:04.231000||||Prdashboard_g6|True|2021-12-06 07:06:04.231000|gdiadmin@glassbeam.com|||Tableau|False
gdi/gdi/podui|522b3f59-c1f6-44db-9041-8e8995412438||||2021-12-06 07:06:04.231000||||Prdashboard_e48|True|2021-12-06 07:06:04.231000|gdiadmin@glassbeam.com|||Tableau|False
gdi/gdi/podui|52720ada-4c2e-47ec-89df-44a8ba9f8b19||||2021-12-06 05:08:07.602000||||Prdashboard_d28|True|2021-12-06 05:08:07.602000|gdiadmin@glassbeam.com|||Tableau|False
gdi/gdi/podui|52934e28-ecbe-4e26-b87f-bfb8cce62bf8||||2021-12-03 11:23:56.408000||||Prdashboard_a2|True|2021-12-03 11:23:56.408000|gdiadmin@glassbeam.com|||Tableau|False
gdi/gdi/podui|529d4c2f-4b6a-4138-9fee-17947587d93d||||2021-12-06 07:06:04.231000||||Prdashboard_e28|True|2021-12-06 07:06:04.231000|gdiadmin@glassbeam.com|||Tableau|False
gdi/gdi/podui|54a50438-ff70-4bbd-9ab8-34cc89c37cc2||||2021-12-06 05:08:07.602000||||Prdashboard_d29|True|2021-12-06 05:08:07.602000|gdiadmin@glassbeam.com|||Tableau|False
gdi/gdi/podui|55528b5f-7b6b-418d-8db2-2f65c870df00||||2021-12-06 07:06:04.231000||||Prdashboard_f54|True|2021-12-06 07:06:04.231000|gdiadmin@glassbeam.com|||Tableau|False
gdi/gdi/podui|557f35d4-cef1-495f-90ba-f482856c5041||||2021-12-06 05:08:07.602000||||Prdashboard_d14|True|2021-12-06 05:08:07.602000|gdiadmin@glassbeam.com|||Tableau|False
gdi/gdi/podui|56cab9f8-41fd-40ef-ac88-dab377253b88||||2021-12-06 07:06:04.231000||||Prdashboard_f87|True|2021-12-06 07:06:04.231000|gdiadmin@glassbeam.com|||Tableau|False
gdi/gdi/podui|57b1fd4a-913c-413d-bdb5-0fe424a77c48||||2021-12-06 05:08:07.602000||||Prdashboard_d50|True|2021-12-06 05:08:07.602000|gdiadmin@glassbeam.com|||Tableau|False
gdi/gdi/podui|586f5991-7bb5-4a2d-bb63-45299ec4c4e8||||2021-12-06 07:06:04.231000||||Prdashboard_f35|True|2021-12-06 07:06:04.231000|gdiadmin@glassbeam.com|||Tableau|False
gdi/gdi/podui|598ed0b5-2507-4260-8880-d69b161767ce||||2021-12-06 07:06:04.231000||||Prdashboard_g25|True|2021-12-06 07:06:04.231000|gdiadmin@glassbeam.com|||Tableau|False
gdi/gdi/podui|59d5b476-97b8-4a84-a0cd-28bd29fe2a55||||2021-12-06 07:06:04.231000||||Prdashboard_e60|True|2021-12-06 07:06:04.231000|gdiadmin@glassbeam.com|||Tableau|False
gdi/gdi/podui|59f1ba1b-8776-4e27-b1ff-8e89c1e16521||||2021-12-06 07:06:04.231000||||Prdashboard_g18|True|2021-12-06 07:06:04.231000|gdiadmin@glassbeam.com|||Tableau|False
gdi/gdi/podui|5a14aea4-31b8-4ae6-ad24-1a6db76936f7||||2021-12-06 07:06:04.231000||||Prdashboard_g83|True|2021-12-06 07:06:04.231000|gdiadmin@glassbeam.com|||Tableau|False
gdi/gdi/podui|5ac14094-465c-4830-af70-a8601cb2a5b5||||2021-12-06 07:06:04.231000||||Prdashboard_f65|True|2021-12-06 07:06:04.231000|gdiadmin@glassbeam.com|||Tableau|False
gdi/gdi/podui|5b2a744b-e573-4e20-9837-3f2f4031d539||||2021-12-06 05:08:07.602000||||Prdashboard_d44|True|2021-12-06 05:08:07.602000|gdiadmin@glassbeam.com|||Tableau|False
gdi/gdi/podui|5b461c6e-df81-475a-9647-70ed3a715aac||||2021-07-27 14:22:07.483000||||Anomaly Detection SA|True|2021-07-27 14:22:07.483000||||Tableau|False
gdi/gdi/podui|5b806e8c-d398-40a4-b064-71d174291b72||||2021-12-06 05:08:07.602000||||Prdashboard_d2|True|2021-12-06 05:08:07.602000|gdiadmin@glassbeam.com|||Tableau|False
gdi/gdi/podui|5bb4b3c8-13f0-4f4b-8ece-f1855abcab13||||2021-12-03 11:39:06.724000||||Prdashboard_b8|True|2021-12-03 11:39:06.724000|gdiadmin@glassbeam.com|||Tableau|False
gdi/gdi/podui|5bb5bc3e-490f-40fc-93db-c51eae021408||||2021-12-06 05:08:07.602000||||Prdashboard_d24|True|2021-12-06 05:08:07.602000|gdiadmin@glassbeam.com|||Tableau|False
gdi/gdi/podui|5ec4d5d7-85f0-416b-b5e6-2c5647b51e8b||||2021-12-03 12:33:57.648000||||Prdashboard_c16|True|2021-12-03 12:33:57.648000|gdiadmin@glassbeam.com|||Tableau|False
gdi/gdi/podui|5fda8941-e137-41f0-9a6b-0887556374bc||||2021-12-06 05:08:07.602000||||Prdashboard_d16|True|2021-12-06 05:08:07.602000|gdiadmin@glassbeam.com|||Tableau|False
gdi/gdi/podui|60640184-a021-42e3-a10f-30d93bb9139b||||2021-12-06 07:06:04.231000||||Prdashboard_g7|True|2021-12-06 07:06:04.231000|gdiadmin@glassbeam.com|||Tableau|False
gdi/gdi/podui|6074bcbd-16e1-4e46-a151-347734715b0f||||2021-12-06 07:06:04.231000||||Prdashboard_g43|True|2021-12-06 07:06:04.231000|gdiadmin@glassbeam.com|||Tableau|False
gdi/gdi/podui|60abeab1-b1fd-4981-a1ee-f9a8f431948f||||2021-12-06 07:06:04.231000||||Prdashboard_e9|True|2021-12-06 07:06:04.231000|gdiadmin@glassbeam.com|||Tableau|False
gdi/gdi/podui|60b06311-6d87-4449-aa6e-34195391fd24||||2021-12-03 11:23:56.408000||||Prdashboard_a6|True|2021-12-03 11:23:56.408000|gdiadmin@glassbeam.com|||Tableau|False
gdi/gdi/podui|6104be9a-f7fc-43cb-93ab-fcd2f1d2abf5||||2021-07-27 14:22:07.483000||||Top10ReferringPhysicians(gain and lose)|True|2021-07-27 14:22:07.483000||||Tableau|False
gdi/gdi/podui|6135f6f9-28ac-48ec-966c-23671e1d0695||||2021-12-06 05:08:07.602000||||Prdashboard_d100|True|2021-12-06 05:08:07.602000|gdiadmin@glassbeam.com|||Tableau|False
gdi/gdi/podui|61e89de0-e4ad-4a52-84ba-797e2ef9db38||||2021-12-06 07:06:04.231000||||Prdashboard_f83|True|2021-12-06 07:06:04.231000|gdiadmin@glassbeam.com|||Tableau|False
gdi/gdi/podui|6240586d-4f9b-415a-a4ce-da478a531402||||2021-12-06 05:08:07.602000||||Prdashboard_d13|True|2021-12-06 05:08:07.602000|gdiadmin@glassbeam.com|||Tableau|False
gdi/gdi/podui|63861461-1912-4e1a-953f-73e5e9fb0ecb||||2021-12-06 07:06:04.231000||||Prdashboard_e64|True|2021-12-06 07:06:04.231000|gdiadmin@glassbeam.com|||Tableau|False
gdi/gdi/podui|6408e0b5-e00c-4504-95a6-0af1394f5ffd||||2021-12-03 11:39:06.724000||||Prdashboard_b4|True|2021-12-03 11:39:06.724000|gdiadmin@glassbeam.com|||Tableau|False
gdi/gdi/podui|65886e35-d739-44f3-bd36-f335e7bdaabd||||2021-12-06 07:06:04.231000||||Prdashboard_g40|True|2021-12-06 07:06:04.231000|gdiadmin@glassbeam.com|||Tableau|False
gdi/gdi/podui|65a1a92d-44e9-425e-b94c-eb49d8e47b6b||||2021-12-06 05:08:07.602000||||Prdashboard_d6|True|2021-12-06 05:08:07.602000|gdiadmin@glassbeam.com|||Tableau|False
gdi/gdi/podui|65b74ad2-0b2b-4b5b-b3ad-e6a05ee181e3||||2021-12-06 07:06:04.231000||||Prdashboard_e4|True|2021-12-06 07:06:04.231000|gdiadmin@glassbeam.com|||Tableau|False
gdi/gdi/podui|65c28e3c-f49b-4bc7-82cf-c053f5fe5109||||2021-12-06 07:06:04.231000||||Prdashboard_f16|True|2021-12-06 07:06:04.231000|gdiadmin@glassbeam.com|||Tableau|False
gdi/gdi/podui|6618fc17-495e-4567-ac7d-287a4b40290a||||2021-12-06 07:06:04.231000||||Prdashboard_g47|True|2021-12-06 07:06:04.231000|gdiadmin@glassbeam.com|||Tableau|False
gdi/gdi/podui|6622e5cd-9cb5-47c7-8c14-927e4190e2f2||||2021-12-06 05:08:07.602000||||Prdashboard_d7|True|2021-12-06 05:08:07.602000|gdiadmin@glassbeam.com|||Tableau|False
gdi/gdi/podui|66ba7e87-1021-43f3-a406-6c2d037632bc||||2021-12-06 05:08:07.602000||||Prdashboard_d57|True|2021-12-06 05:08:07.602000|gdiadmin@glassbeam.com|||Tableau|False
gdi/gdi/podui|670e2251-c020-4690-b708-c2be15854383||||2021-07-23 05:03:06.655000||||Repeat Exam Analysis v501|True|2021-07-23 05:03:06.655000||||Tableau|False
gdi/gdi/podui|675a3919-e463-49c1-abb2-14b583396323||||2021-12-06 07:06:04.231000||||Prdashboard_g63|True|2021-12-06 07:06:04.231000|gdiadmin@glassbeam.com|||Tableau|False
gdi/gdi/podui|679a4c51-97ac-499f-ac1b-28e5f1588e35||||2021-12-06 07:06:04.231000||||Prdashboard_e67|True|2021-12-06 07:06:04.231000|gdiadmin@glassbeam.com|||Tableau|False
gdi/gdi/podui|68689b25-26e3-41e4-a2ca-f5894d94de5c||||2021-12-06 07:06:04.231000||||Prdashboard_f45|True|2021-12-06 07:06:04.231000|gdiadmin@glassbeam.com|||Tableau|False
gdi/gdi/podui|688f991c-b7b8-4e3f-8b1c-acdb8d99646a||||2021-07-27 14:22:07.483000||||RICH Summary|True|2021-07-27 14:22:07.483000||||Tableau|False
gdi/gdi/podui|69e03dcf-79af-4a8c-93c8-210ade88f263||||2021-12-06 07:06:04.231000||||Prdashboard_f38|True|2021-12-06 07:06:04.231000|gdiadmin@glassbeam.com|||Tableau|False
gdi/gdi/podui|6abf1a22-e96a-4666-bec4-1ece284c0812||||2021-12-06 05:08:07.602000||||Prdashboard_d19|True|2021-12-06 05:08:07.602000|gdiadmin@glassbeam.com|||Tableau|False
gdi/gdi/podui|6b02b0fa-8b6e-4be1-af7b-15cbcd937c3a||||2021-12-03 12:33:57.648000||||Prdashboard_c19|True|2021-12-03 12:33:57.648000|gdiadmin@glassbeam.com|||Tableau|False
gdi/gdi/podui|6b607874-41a0-409d-aaa5-abef591ead26||||2021-12-03 11:40:49.693000||||Prdashboard_b19|True|2021-12-03 11:40:49.693000|gdiadmin@glassbeam.com|||Tableau|False
gdi/gdi/podui|6bd2ebc5-bf46-4726-b98f-d522fe6a6f70||||2021-12-06 07:06:04.231000||||Prdashboard_f44|True|2021-12-06 07:06:04.231000|gdiadmin@glassbeam.com|||Tableau|False
gdi/gdi/podui|6c1bf234-ebc5-43cb-accf-d54b354cd0c1||||2021-12-06 07:06:04.231000||||Prdashboard_e69|True|2021-12-06 07:06:04.231000|gdiadmin@glassbeam.com|||Tableau|False
gdi/gdi/podui|6c224822-7faa-4500-b4e5-e3c02624b14e||||2021-12-03 11:23:56.408000||||Prdashboard_a8|True|2021-12-03 11:23:56.408000|gdiadmin@glassbeam.com|||Tableau|False
gdi/gdi/podui|6c980f4e-7aa5-46a2-9f40-101032df0ab7||||2021-12-06 07:06:04.231000||||Prdashboard_g58|True|2021-12-06 07:06:04.231000|gdiadmin@glassbeam.com|||Tableau|False
gdi/gdi/podui|6ca61100-793b-4bb0-bdff-69229d8211c4||||2021-12-06 07:06:04.231000||||Prdashboard_g37|True|2021-12-06 07:06:04.231000|gdiadmin@glassbeam.com|||Tableau|False
gdi/gdi/podui|6cd6939e-24d6-4dba-a5fe-57630d327874||||2021-10-11 11:24:32.662000||||Asset Utilization Demo|True|2021-11-29 12:51:27.155000|gdiadmin@glassbeam.com|6f42eb8b-d319-4213-b1e2-b56cc80f81d1|Asset Utilization Demo|Tableau|False
gdi/gdi/podui|6d8cda0e-a13c-4d2e-9e3f-8261f7d0e5d8||||2021-12-06 05:08:07.602000||||Prdashboard_d96|True|2021-12-06 05:08:07.602000|gdiadmin@glassbeam.com|||Tableau|False
gdi/gdi/podui|6d91ae01-0780-4b47-9062-5cd4c322c70a||||2021-12-06 07:06:04.231000||||Prdashboard_f64|True|2021-12-06 07:06:04.231000|gdiadmin@glassbeam.com|||Tableau|False
gdi/gdi/podui|6e962185-97b8-45ad-afff-20ade051d663||||2021-12-06 05:08:07.602000||||Prdashboard_d82|True|2021-12-06 05:08:07.602000|gdiadmin@glassbeam.com|||Tableau|False
gdi/gdi/podui|6e9b849d-0213-48e4-a5b1-3178e78542b4||||2021-12-06 07:06:04.231000||||Prdashboard_e72|True|2021-12-06 07:06:04.231000|gdiadmin@glassbeam.com|||Tableau|False
gdi/gdi/podui|6e9c4260-32b9-4bfe-92b4-2550d599af28||||2021-12-06 07:06:04.231000||||Prdashboard_e36|True|2021-12-06 07:06:04.231000|gdiadmin@glassbeam.com|||Tableau|False
gdi/gdi/podui|6ead038d-b3ab-4f6f-aab3-d13862e50709||||2021-12-06 07:06:04.231000||||Prdashboard_e66|True|2021-12-06 07:06:04.231000|gdiadmin@glassbeam.com|||Tableau|False
gdi/gdi/podui|6ee463c1-ffdc-4326-b414-131cf0885d60||||2021-12-06 07:06:04.231000||||Prdashboard_g73|True|2021-12-06 07:06:04.231000|gdiadmin@glassbeam.com|||Tableau|False
gdi/gdi/podui|6ef9e814-5258-402e-9178-78451bd2d65e||||2021-12-06 05:08:07.602000||||Prdashboard_d49|True|2021-12-06 05:08:07.602000|gdiadmin@glassbeam.com|||Tableau|False
gdi/gdi/podui|6f1dbc32-b121-4155-9167-e0e7df07ab09||||2021-12-06 07:06:04.231000||||Prdashboard_g44|True|2021-12-06 07:06:04.231000|gdiadmin@glassbeam.com|||Tableau|False
gdi/gdi/podui|6f69f77a-c2a8-4bcd-908c-fc2734e4ab55||||2021-12-06 05:08:07.602000||||Prdashboard_d47|True|2021-12-06 05:08:07.602000|gdiadmin@glassbeam.com|||Tableau|False
gdi/gdi/podui|6fe0f397-6457-40ea-a178-cc3198114298||||2021-12-06 07:06:04.231000||||Prdashboard_f14|True|2021-12-06 07:06:04.231000|gdiadmin@glassbeam.com|||Tableau|False
gdi/gdi/podui|7038967c-bb6e-42de-9b56-c156dcdb5bd9||||2021-12-06 07:06:04.231000||||Prdashboard_f63|True|2021-12-06 07:06:04.231000|gdiadmin@glassbeam.com|||Tableau|False
gdi/gdi/podui|70f5f322-4202-4014-8e4a-dcfee781826e||||2021-12-06 07:06:04.231000||||Prdashboard_f6|True|2021-12-06 07:06:04.231000|gdiadmin@glassbeam.com|||Tableau|False
gdi/gdi/podui|7274e789-4941-4965-bbeb-656d828c25c9||||2021-12-06 05:08:07.602000||||Prdashboard_d8|True|2021-12-06 05:08:07.602000|gdiadmin@glassbeam.com|||Tableau|False
gdi/gdi/podui|72f13ed8-9ea8-45a6-a5fd-69531f3d1440||||2021-12-06 07:06:04.231000||||Prdashboard_e84|True|2021-12-06 07:06:04.231000|gdiadmin@glassbeam.com|||Tableau|False
gdi/gdi/podui|72f4441f-3d27-425e-906f-69fe1cba0a52||||2021-12-06 07:06:04.231000||||Prdashboard_f40|True|2021-12-06 07:06:04.231000|gdiadmin@glassbeam.com|||Tableau|False
gdi/gdi/podui|73a80602-1d3a-436e-8985-c81f92ae304d||||2021-07-23 05:03:06.655000||||MRI Referral Analysis Trend Report (Clinsights 2.1)|True|2021-07-23 05:03:06.655000||||Tableau|False
gdi/gdi/podui|73c829be-9cce-435f-8900-0d09269fec61||||2021-12-06 05:08:07.602000||||Prdashboard_d64|True|2021-12-06 05:08:07.602000|gdiadmin@glassbeam.com|||Tableau|False
gdi/gdi/podui|747e9e0b-542c-4810-a8a0-79ef3bc25984||||2021-12-06 05:08:07.602000||||Prdashboard_d55|True|2021-12-06 05:08:07.602000|gdiadmin@glassbeam.com|||Tableau|False
gdi/gdi/podui|74a61cb9-e515-4015-b926-d0aee8a12970||||2021-12-06 07:06:04.231000||||Prdashboard_f46|True|2021-12-06 07:06:04.231000|gdiadmin@glassbeam.com|||Tableau|False
gdi/gdi/podui|75362fbd-fdd7-4100-8913-5236f1d92a8c||||2021-12-06 07:06:04.231000||||Prdashboard_f17|True|2021-12-06 07:06:04.231000|gdiadmin@glassbeam.com|||Tableau|False
gdi/gdi/podui|755dae0d-4575-4ce7-9438-3e0097f9f99d||||2021-12-06 07:06:04.231000||||Prdashboard_f99|True|2021-12-06 07:06:04.231000|gdiadmin@glassbeam.com|||Tableau|False
gdi/gdi/podui|7578c5a7-5ed4-42cb-aae6-edf8da32ec22||||2021-12-06 07:06:04.231000||||Prdashboard_f71|True|2021-12-06 07:06:04.231000|gdiadmin@glassbeam.com|||Tableau|False
gdi/gdi/podui|759ad50a-69e3-415a-8e72-76ee53b8dabb||||2021-12-06 07:06:04.231000||||Prdashboard_f73|True|2021-12-06 07:06:04.231000|gdiadmin@glassbeam.com|||Tableau|False
gdi/gdi/podui|75d27041-0f28-45f2-af4b-4d0e1baf2ebf||||2021-12-06 07:06:04.231000||||Prdashboard_g97|True|2021-12-06 07:06:04.231000|gdiadmin@glassbeam.com|||Tableau|False
gdi/gdi/podui|75feb180-d5b7-4a99-925a-c7a4bb271b05||||2021-12-06 05:08:07.602000||||Prdashboard_d91|True|2021-12-06 05:08:07.602000|gdiadmin@glassbeam.com|||Tableau|False
gdi/gdi/podui|765c2a81-147b-4887-8da1-5e1906b3cb3c||||2021-12-06 05:08:07.602000||||Prdashboard_d60|True|2021-12-06 05:08:07.602000|gdiadmin@glassbeam.com|||Tableau|False
gdi/gdi/podui|77993bd1-d2ad-4b65-a652-3029343eb539||||2021-12-06 05:08:07.602000||||Prdashboard_d77|True|2021-12-06 05:08:07.602000|gdiadmin@glassbeam.com|||Tableau|False
gdi/gdi/podui|79dc7c40-8095-4d2d-ad7c-e646de6e9ac8||||2021-12-06 07:06:04.231000||||Prdashboard_f72|True|2021-12-06 07:06:04.231000|gdiadmin@glassbeam.com|||Tableau|False
gdi/gdi/podui|7a09da79-405b-428b-81d2-92e27b5c42e0||||2021-12-06 07:06:04.231000||||Prdashboard_e15|True|2021-12-06 07:06:04.231000|gdiadmin@glassbeam.com|||Tableau|False
gdi/gdi/podui|7a9e00dd-d682-42d6-b7da-2c74f34794fc||||2021-12-06 05:08:07.602000||||Prdashboard_d66|True|2021-12-06 05:08:07.602000|gdiadmin@glassbeam.com|||Tableau|False
gdi/gdi/podui|7ad5f833-50eb-443b-be68-6f8ba28a6e09||||2021-12-03 12:33:57.648000||||Prdashboard_c1|True|2021-12-03 12:33:57.648000|gdiadmin@glassbeam.com|||Tableau|False
gdi/gdi/podui|7b37d646-eea0-48d8-8d68-ef70e57bbab4||||2021-12-06 07:06:04.231000||||Prdashboard_g49|True|2021-12-06 07:06:04.231000|gdiadmin@glassbeam.com|||Tableau|False
gdi/gdi/podui|7bca998c-2859-4ae5-bb21-0052a9987994||||2021-12-06 05:08:07.602000||||Prdashboard_d1|True|2021-12-06 05:08:07.602000|gdiadmin@glassbeam.com|||Tableau|False
gdi/gdi/podui|7c9b0514-8f5c-4996-8a3b-6d05c1a42ce7||||2021-09-16 10:25:44.799000||||new dashboard demo|True|2021-09-16 10:52:47.943000|administrator|||Tableau|False
gdi/gdi/podui|7cb8ba90-cd17-4b34-8702-73b9349a9836||||2021-12-03 11:23:56.408000||||Prdashboard_a1|True|2021-12-03 11:23:56.408000|gdiadmin@glassbeam.com|||Tableau|False
gdi/gdi/podui|7d17bf68-f493-4b5e-9ae5-2f75584c1f49||||2021-12-06 05:08:07.602000||||Prdashboard_d5|True|2021-12-06 05:08:07.602000|gdiadmin@glassbeam.com|||Tableau|False
gdi/gdi/podui|7d441fd8-c5ae-4fba-a4ab-621cff9b72ab||||2021-12-03 12:33:57.648000||||Prdashboard_c4|True|2021-12-03 12:33:57.648000|gdiadmin@glassbeam.com|||Tableau|False
gdi/gdi/podui|7d5ee4ae-94fe-4fff-a029-3db69e7d947c||||2021-12-03 11:23:56.408000||||Prdashboard_a18|True|2021-12-03 11:23:56.408000|gdiadmin@glassbeam.com|||Tableau|False
gdi/gdi/podui|7ddcc744-4f06-48d0-8dcc-b2ba881a1cd9||||2021-12-06 07:06:04.231000||||Prdashboard_f28|True|2021-12-06 07:06:04.231000|gdiadmin@glassbeam.com|||Tableau|False
gdi/gdi/podui|7e86f7e3-b9af-4694-a89e-137e000cfe50||||2021-12-03 12:33:57.648000||||Prdashboard_c13|True|2021-12-03 12:33:57.648000|gdiadmin@glassbeam.com|||Tableau|False
gdi/gdi/podui|7f11dca7-3673-4b94-af64-3a5d04bd1639||||2021-12-06 07:06:04.231000||||Prdashboard_e3|True|2021-12-06 07:06:04.231000|gdiadmin@glassbeam.com|||Tableau|False
gdi/gdi/podui|7f66092f-a784-4412-994e-bcadcc5a0c47||||2021-12-06 07:06:04.231000||||Prdashboard_e19|True|2021-12-06 07:06:04.231000|gdiadmin@glassbeam.com|||Tableau|False
gdi/gdi/podui|7f6c5e33-0da4-46a2-a716-0d3136bc628e||||2021-12-03 11:39:06.724000||||Prdashboard_b12|True|2021-12-03 11:39:06.724000|gdiadmin@glassbeam.com|||Tableau|False
gdi/gdi/podui|7f6ea7c5-8d29-400d-8145-a5574c63c815||||2021-12-06 07:06:04.231000||||Prdashboard_e54|True|2021-12-06 07:06:04.231000|gdiadmin@glassbeam.com|||Tableau|False
gdi/gdi/podui|7faa6bb2-aeae-4d09-8b69-e20685211b8c||||2021-07-23 05:03:06.655000||||Referral Analysis Top N Referrers v501|True|2021-07-23 05:03:06.655000||||Tableau|False
gdi/gdi/podui|7faaf963-9a90-4215-81fb-4ff93a397017||||2021-12-06 07:06:04.231000||||Prdashboard_f15|True|2021-12-06 07:06:04.231000|gdiadmin@glassbeam.com|||Tableau|False
gdi/gdi/podui|7fba3641-8a53-4a07-8b30-15afe176027a||||2021-12-06 07:06:04.231000||||Prdashboard_g60|True|2021-12-06 07:06:04.231000|gdiadmin@glassbeam.com|||Tableau|False
gdi/gdi/podui|7fe16055-ccb9-47de-bc75-d5a552b0fa7c||||2021-12-06 07:06:04.231000||||Prdashboard_e35|True|2021-12-06 07:06:04.231000|gdiadmin@glassbeam.com|||Tableau|False
gdi/gdi/podui|80b1e40c-a270-4755-82f6-78f0198bd0a4||||2021-12-06 07:06:04.231000||||Prdashboard_f67|True|2021-12-06 07:06:04.231000|gdiadmin@glassbeam.com|||Tableau|False
gdi/gdi/podui|80ea86d7-e001-48f3-a6ae-5b7a8d52dc64||||2021-12-06 07:06:04.231000||||Prdashboard_f78|True|2021-12-06 07:06:04.231000|gdiadmin@glassbeam.com|||Tableau|False
gdi/gdi/podui|80ed7809-308a-4c14-90da-2940efc2c308||||2021-12-06 07:06:04.231000||||Prdashboard_f22|True|2021-12-06 07:06:04.231000|gdiadmin@glassbeam.com|||Tableau|False
gdi/gdi/podui|810d035e-3cfa-476e-a222-d0852e67efae||||2021-12-06 05:08:07.602000||||Prdashboard_d69|True|2021-12-06 05:08:07.602000|gdiadmin@glassbeam.com|||Tableau|False
gdi/gdi/podui|81511798-e663-4e3b-add8-9c635da7af58||||2021-12-06 07:06:04.231000||||Prdashboard_e8|True|2021-12-06 07:06:04.231000|gdiadmin@glassbeam.com|||Tableau|False
gdi/gdi/podui|83fe93fa-1647-4680-8c85-6da7f06a79bd||||2021-12-06 07:06:04.231000||||Prdashboard_e98|True|2021-12-06 07:06:04.231000|gdiadmin@glassbeam.com|||Tableau|False
gdi/gdi/podui|8558359c-7b91-4dde-9db1-affc02c34b11||||2021-12-06 07:06:04.231000||||Prdashboard_g68|True|2021-12-06 07:06:04.231000|gdiadmin@glassbeam.com|||Tableau|False
gdi/gdi/podui|85e72cac-7925-4096-96a5-d04d068667fd||||2021-12-03 11:23:56.408000||||Prdashboard_a20|True|2021-12-03 11:23:56.408000|gdiadmin@glassbeam.com|||Tableau|False
gdi/gdi/podui|8676ae44-e2c8-4fbd-ad17-0624c5234e6c||||2021-12-06 07:06:04.231000||||Prdashboard_e73|True|2021-12-06 07:06:04.231000|gdiadmin@glassbeam.com|||Tableau|False
gdi/gdi/podui|86ad3eaa-3f54-4fc3-b51b-f9eb5bf7f5bb||||2021-12-06 05:08:07.602000||||Prdashboard_d20|True|2021-12-06 05:08:07.602000|gdiadmin@glassbeam.com|||Tableau|False
gdi/gdi/podui|86dc18ec-32e2-48c9-95dd-9fc9568368aa||||2021-12-06 07:06:04.231000||||Prdashboard_e71|True|2021-12-06 07:06:04.231000|gdiadmin@glassbeam.com|||Tableau|False
gdi/gdi/podui|876892b0-62ac-43e2-bfe7-5d73b18d04fc||||2021-12-06 07:06:04.231000||||Prdashboard_g74|True|2021-12-06 07:06:04.231000|gdiadmin@glassbeam.com|||Tableau|False
gdi/gdi/podui|877369b4-a031-4aa9-9fe6-f0f5c9813e38||||2021-12-06 07:06:04.231000||||Prdashboard_e2|True|2021-12-06 07:06:04.231000|gdiadmin@glassbeam.com|||Tableau|False
gdi/gdi/podui|87e0b06e-1de2-4146-83f3-09c73c5bc439||||2021-12-06 05:08:07.602000||||Prdashboard_d87|True|2021-12-06 05:08:07.602000|gdiadmin@glassbeam.com|||Tableau|False
gdi/gdi/podui|88876127-2646-41a4-a9b7-4772c3c1fedc||||2021-12-06 07:06:04.231000||||Prdashboard_e42|True|2021-12-06 07:06:04.231000|gdiadmin@glassbeam.com|||Tableau|False
gdi/gdi/podui|88988741-54f6-4c37-84cb-7f2dc28fa179||||2021-12-06 07:06:04.231000||||Prdashboard_e50|True|2021-12-06 07:06:04.231000|gdiadmin@glassbeam.com|||Tableau|False
gdi/gdi/podui|8898f753-68c5-44d2-902d-86eab188c7af||||2021-12-03 12:33:57.648000||||Prdashboard_c15|True|2021-12-03 12:33:57.648000|gdiadmin@glassbeam.com|||Tableau|False
gdi/gdi/podui|88b8837c-44df-424b-b208-1770a65497fa||||2021-12-06 07:06:04.231000||||Prdashboard_g53|True|2021-12-06 07:06:04.231000|gdiadmin@glassbeam.com|||Tableau|False
gdi/gdi/podui|88eb5c0f-5d6b-4dd5-908b-9beb8705250b||||2021-12-06 05:08:07.602000||||Prdashboard_d11|True|2021-12-06 05:08:07.602000|gdiadmin@glassbeam.com|||Tableau|False
gdi/gdi/podui|896c174c-655e-4b9c-a1c3-1d18f3860ef9||||2021-12-06 05:08:07.602000||||Prdashboard_d97|True|2021-12-06 05:08:07.602000|gdiadmin@glassbeam.com|||Tableau|False
gdi/gdi/podui|8a2e7d5c-95c2-4a3e-9df4-53c53cbb9e90||||2021-12-06 07:06:04.231000||||Prdashboard_f26|True|2021-12-06 07:06:04.231000|gdiadmin@glassbeam.com|||Tableau|False
gdi/gdi/podui|8b2d0a79-0411-4e7a-8ce3-e1c92e12b52a||||2021-12-06 07:06:04.231000||||Prdashboard_e81|True|2021-12-06 07:06:04.231000|gdiadmin@glassbeam.com|||Tableau|False
gdi/gdi/podui|8c0b47a8-772e-4deb-ac2f-76998d226d08||||2021-12-06 07:06:04.231000||||Prdashboard_g79|True|2021-12-06 07:06:04.231000|gdiadmin@glassbeam.com|||Tableau|False
gdi/gdi/podui|8c651a9e-29a6-4218-9067-d2236f16d0b4||||2021-12-06 07:06:04.231000||||Prdashboard_e51|True|2021-12-06 07:06:04.231000|gdiadmin@glassbeam.com|||Tableau|False
gdi/gdi/podui|8cb346f0-feb3-4d80-9f32-a26db2080707||||2021-07-23 05:03:06.655000||||CT Referral Analysis Trend Report (Clinsights 2.1)|True|2021-07-23 05:03:06.655000||||Tableau|False
gdi/gdi/podui|8d4a4146-1813-4e95-a44d-84d73ef43184||||2021-12-06 07:06:04.231000||||Prdashboard_e17|True|2021-12-06 07:06:04.231000|gdiadmin@glassbeam.com|||Tableau|False
gdi/gdi/podui|8d9a6229-afcc-4f9d-89cd-d7b5c386a841||||2021-12-06 07:06:04.231000||||Prdashboard_f68|True|2021-12-06 07:06:04.231000|gdiadmin@glassbeam.com|||Tableau|False
gdi/gdi/podui|8d9ee040-cb75-4cab-9d5b-02b9477d327e||||2021-12-03 12:33:57.648000||||Prdashboard_c3|True|2021-12-03 12:33:57.648000|gdiadmin@glassbeam.com|||Tableau|False
gdi/gdi/podui|8f031535-35a2-4231-bdd5-cb97da53e5cf||||2021-12-06 05:08:07.602000||||Prdashboard_d40|True|2021-12-06 05:08:07.602000|gdiadmin@glassbeam.com|||Tableau|False
gdi/gdi/podui|8f1879be-fa13-43ce-b67c-694c30ef7350||||2021-12-06 05:08:07.602000||||Prdashboard_d92|True|2021-12-06 05:08:07.602000|gdiadmin@glassbeam.com|||Tableau|False
gdi/gdi/podui|8f20e489-e7d4-4f28-9548-ab0f719009e5||||2021-12-06 07:06:04.231000||||Prdashboard_g29|True|2021-12-06 07:06:04.231000|gdiadmin@glassbeam.com|||Tableau|False
gdi/gdi/podui|901dbe57-4252-4404-8ab7-eb5a04600380||||2021-12-06 07:06:04.231000||||Prdashboard_g24|True|2021-12-06 07:06:04.231000|gdiadmin@glassbeam.com|||Tableau|False
gdi/gdi/podui|908748f7-815b-4a3a-8f6e-92933f813f88||||2021-12-06 05:08:07.602000||||Prdashboard_d23|True|2021-12-06 05:08:07.602000|gdiadmin@glassbeam.com|||Tableau|False
gdi/gdi/podui|90a1a89e-1775-4f8e-906f-f6b6a4d64e2b||||2021-07-23 05:03:06.655000||||Exam Analysis Other Views v501|True|2021-07-23 05:03:06.655000||||Tableau|False
gdi/gdi/podui|90e64127-ce3c-430d-8db8-e3bd7ea80ee5||||2021-12-06 07:06:04.231000||||Prdashboard_e59|True|2021-12-06 07:06:04.231000|gdiadmin@glassbeam.com|||Tableau|False
gdi/gdi/podui|927c3a0a-9bbc-4049-ba0d-d18a14081b8c||||2021-12-06 07:06:04.231000||||Prdashboard_g36|True|2021-12-06 07:06:04.231000|gdiadmin@glassbeam.com|||Tableau|False
gdi/gdi/podui|928db3df-1d65-44e8-9a6c-35cabe3017bf||||2021-07-23 05:03:06.655000||||Radiology Home Efficiency Plus v501|True|2021-07-23 05:03:06.655000||||Tableau|False
gdi/gdi/podui|92b5d920-2fa8-44d7-b34f-ec4e0ae72bf5||||2021-12-06 05:08:07.602000||||Prdashboard_d71|True|2021-12-06 05:08:07.602000|gdiadmin@glassbeam.com|||Tableau|False
gdi/gdi/podui|94ee1e4e-4abe-4604-bc54-6b2a0441603f||||2021-12-06 07:06:04.231000||||Prdashboard_g23|True|2021-12-06 07:06:04.231000|gdiadmin@glassbeam.com|||Tableau|False
gdi/gdi/podui|95224dcb-0d30-400d-9e0b-ce77aa493755||||2021-12-06 07:06:04.231000||||Prdashboard_f36|True|2021-12-06 07:06:04.231000|gdiadmin@glassbeam.com|||Tableau|False
gdi/gdi/podui|957b4253-9ef0-437d-86dd-44c99b645a98||||2021-12-06 05:08:07.602000||||Prdashboard_d21|True|2021-12-06 05:08:07.602000|gdiadmin@glassbeam.com|||Tableau|False
gdi/gdi/podui|95e2866e-e54f-4d0a-a1f9-956ed170f55b||||2021-12-06 07:06:04.231000||||Prdashboard_f53|True|2021-12-06 07:06:04.231000|gdiadmin@glassbeam.com|||Tableau|False
gdi/gdi/podui|983862d5-76b3-44bb-b6e6-db89fd12fddb||||2021-12-06 07:06:04.231000||||Prdashboard_f94|True|2021-12-06 07:06:04.231000|gdiadmin@glassbeam.com|||Tableau|False
gdi/gdi/podui|99377cd3-c695-4741-a97f-d69b33a131ee||||2021-12-06 07:06:04.231000||||Prdashboard_g89|True|2021-12-06 07:06:04.231000|gdiadmin@glassbeam.com|||Tableau|False
gdi/gdi/podui|99534b39-0380-404b-9b0e-c905699cc56d||||2021-07-23 05:03:06.655000||||Turn Around Time Analysis v501|True|2021-07-23 05:03:06.655000||||Tableau|False
gdi/gdi/podui|99548179-51cb-4e96-856b-2f75af933464||||2021-12-06 07:06:04.231000||||Prdashboard_e44|True|2021-12-06 07:06:04.231000|gdiadmin@glassbeam.com|||Tableau|False
gdi/gdi/podui|99645800-55d6-4e32-8334-a2ed89f25da7||||2021-12-06 07:06:04.231000||||Prdashboard_g87|True|2021-12-06 07:06:04.231000|gdiadmin@glassbeam.com|||Tableau|False
gdi/gdi/podui|99f8d449-f71d-42aa-ba14-5bd623c92a9e||||2021-12-06 07:06:04.231000||||Prdashboard_e96|True|2021-12-06 07:06:04.231000|gdiadmin@glassbeam.com|||Tableau|False
gdi/gdi/podui|99fd1199-86b1-4a9e-8000-64dc124c0d1a||||2021-12-06 05:08:07.602000||||Prdashboard_d59|True|2021-12-06 05:08:07.602000|gdiadmin@glassbeam.com|||Tableau|False
gdi/gdi/podui|9a3081d4-09f6-433f-8293-ee0b37d64d3c||||2021-12-06 07:06:04.231000||||Prdashboard_e43|True|2021-12-06 07:06:04.231000|gdiadmin@glassbeam.com|||Tableau|False
gdi/gdi/podui|9a5d49b7-4d21-4954-8d5c-f7b1ed0c3830||||2021-12-06 07:06:04.231000||||Prdashboard_f37|True|2021-12-06 07:06:04.231000|gdiadmin@glassbeam.com|||Tableau|False
gdi/gdi/podui|9ae0d7ce-bf03-4d1f-8f10-66903308e1b6||||2021-12-06 07:06:04.231000||||Prdashboard_g96|True|2021-12-06 07:06:04.231000|gdiadmin@glassbeam.com|||Tableau|False
gdi/gdi/podui|9d2e4964-14e7-4531-a972-2002171ee24a||||2021-12-06 05:08:07.602000||||Prdashboard_d63|True|2021-12-06 05:08:07.602000|gdiadmin@glassbeam.com|||Tableau|False
gdi/gdi/podui|9e04dd05-cdc6-44d2-9fb2-30c6cfc514c4||||2021-12-06 05:08:07.602000||||Prdashboard_d81|True|2021-12-06 05:08:07.602000|gdiadmin@glassbeam.com|||Tableau|False
gdi/gdi/podui|9e44d1e1-3e26-4255-b9f3-9ac276915426||||2021-12-06 07:06:04.231000||||Prdashboard_g34|True|2021-12-06 07:06:04.231000|gdiadmin@glassbeam.com|||Tableau|False
gdi/gdi/podui|9e4d996b-4bcc-43cb-9bc1-3d96c47af1ed||||2021-12-06 07:06:04.231000||||Prdashboard_g85|True|2021-12-06 07:06:04.231000|gdiadmin@glassbeam.com|||Tableau|False
gdi/gdi/podui|a00e1da0-9681-4343-ad99-5e3bebd05aa2||||2021-12-06 07:06:04.231000||||Prdashboard_e52|True|2021-12-06 07:06:04.231000|gdiadmin@glassbeam.com|||Tableau|False
gdi/gdi/podui|a015f3eb-dd9d-4363-8226-d400826d5f7e||||2021-12-06 07:06:04.231000||||Prdashboard_g90|True|2021-12-06 07:06:04.231000|gdiadmin@glassbeam.com|||Tableau|False
gdi/gdi/podui|a06351d3-54ab-49e6-a0dd-6a023a64224f||||2021-12-06 07:06:04.231000||||Prdashboard_f60|True|2021-12-06 07:06:04.231000|gdiadmin@glassbeam.com|||Tableau|False
gdi/gdi/podui|a10bf94a-6b78-443e-b809-5a94bb4b38ae||||2021-07-27 14:22:07.483000||||Event Profile SA|True|2021-11-04 07:22:47.584000||||Tableau|False
gdi/gdi/podui|a122a833-e823-4abe-a0e1-c0c0c3c4e79d||||2021-12-06 07:06:04.231000||||Prdashboard_g64|True|2021-12-06 07:06:04.231000|gdiadmin@glassbeam.com|||Tableau|False
gdi/gdi/podui|a1aebac7-ee16-4f1f-8ce0-c17958174ee6||||2021-12-06 07:06:04.231000||||Prdashboard_f82|True|2021-12-06 07:06:04.231000|gdiadmin@glassbeam.com|||Tableau|False
gdi/gdi/podui|a1ffc278-8c3a-451e-b28c-254066167532||||2021-12-06 07:06:04.231000||||Prdashboard_e55|True|2021-12-06 07:06:04.231000|gdiadmin@glassbeam.com|||Tableau|False
gdi/gdi/podui|a2413dbd-5763-4c11-8d6c-6299495e2992||||2021-12-06 07:06:04.231000||||Prdashboard_e18|True|2021-12-06 07:06:04.231000|gdiadmin@glassbeam.com|||Tableau|False
gdi/gdi/podui|a2de4101-eccc-42e7-b9aa-b5c81ecbc11e||||2021-12-06 05:08:07.602000||||Prdashboard_d67|True|2021-12-06 05:08:07.602000|gdiadmin@glassbeam.com|||Tableau|False
gdi/gdi/podui|a341c97b-2b76-469f-974c-5036bdc5f0f6||||2021-12-06 07:06:04.231000||||Prdashboard_g41|True|2021-12-06 07:06:04.231000|gdiadmin@glassbeam.com|||Tableau|False
gdi/gdi/podui|a3c25708-18ed-4a98-9765-c6327218a550||||2021-12-06 07:06:04.231000||||Prdashboard_f52|True|2021-12-06 07:06:04.231000|gdiadmin@glassbeam.com|||Tableau|False
gdi/gdi/podui|a3e85529-1733-427f-bae2-66d312cbb1f3||||2021-12-06 07:06:04.231000||||Prdashboard_e22|True|2021-12-06 07:06:04.231000|gdiadmin@glassbeam.com|||Tableau|False
gdi/gdi/podui|a4695282-9f94-42e3-b372-9aa19db524d8||||2021-12-06 05:08:07.602000||||Prdashboard_d54|True|2021-12-06 05:08:07.602000|gdiadmin@glassbeam.com|||Tableau|False
gdi/gdi/podui|a46c209d-61cb-44f6-9112-ddac3b164875||||2021-12-06 07:06:04.231000||||Prdashboard_f58|True|2021-12-06 07:06:04.231000|gdiadmin@glassbeam.com|||Tableau|False
gdi/gdi/podui|a4da1089-55cc-4975-bd70-67046128c098||||2021-12-03 12:33:57.648000||||Prdashboard_c5|True|2021-12-03 12:33:57.648000|gdiadmin@glassbeam.com|||Tableau|False
gdi/gdi/podui|a5275ee7-7b2e-4a22-926d-51ca9e6d4d96||||2021-12-06 05:08:07.602000||||Prdashboard_d53|True|2021-12-06 05:08:07.602000|gdiadmin@glassbeam.com|||Tableau|False
gdi/gdi/podui|a5415cd4-d300-4379-8ac7-e9ffc382c4d7||||2021-12-06 07:06:04.231000||||Prdashboard_g62|True|2021-12-06 07:06:04.231000|gdiadmin@glassbeam.com|||Tableau|False
gdi/gdi/podui|a591bcbb-e2e0-4af0-81a6-e3b5bb1a1b8e||||2021-12-03 11:39:57.815000||||Prdashboard_b17|True|2021-12-03 11:39:57.815000|gdiadmin@glassbeam.com|||Tableau|False
gdi/gdi/podui|a69fc6e8-8699-4ee4-b37e-89955b58c363||||2021-12-06 07:06:04.231000||||Prdashboard_e38|True|2021-12-06 07:06:04.231000|gdiadmin@glassbeam.com|||Tableau|False
gdi/gdi/podui|a6f5e6bd-7dc1-4a4c-a65f-53d10f926f46||||2021-12-06 07:06:04.231000||||Prdashboard_f56|True|2021-12-06 07:06:04.231000|gdiadmin@glassbeam.com|||Tableau|False
gdi/gdi/podui|a736b949-6698-492c-9736-51ed85b587b5||||2021-12-03 11:39:06.724000||||Prdashboard_b1|True|2021-12-03 11:39:06.724000|gdiadmin@glassbeam.com|||Tableau|False
gdi/gdi/podui|a7a255be-b0c4-4e8c-beb1-abea687e8f07||||2021-12-06 07:06:04.231000||||Prdashboard_g22|True|2021-12-06 07:06:04.231000|gdiadmin@glassbeam.com|||Tableau|False
gdi/gdi/podui|a7d887e9-fa88-491c-a406-cbf36e3d429a||||2021-12-06 07:06:04.231000||||Prdashboard_g3|True|2021-12-06 07:06:04.231000|gdiadmin@glassbeam.com|||Tableau|False
gdi/gdi/podui|a87ba934-85f5-40c1-9443-232a039c27f9||||2021-12-06 07:06:04.231000||||Prdashboard_f21|True|2021-12-06 07:06:04.231000|gdiadmin@glassbeam.com|||Tableau|False
gdi/gdi/podui|a8f07c01-3052-4d90-87df-bd0c53da415e||||2021-12-03 11:23:56.408000||||Prdashboard_a9|True|2021-12-03 11:23:56.408000|gdiadmin@glassbeam.com|||Tableau|False
gdi/gdi/podui|a98a6ad5-3601-45d3-9d12-65fd38b00c79||||2021-12-06 05:08:07.602000||||Prdashboard_d68|True|2021-12-06 05:08:07.602000|gdiadmin@glassbeam.com|||Tableau|False
gdi/gdi/podui|ab74bb8b-7881-4265-816c-4a3c2fa3d542||||2021-12-06 07:06:04.231000||||Prdashboard_f51|True|2021-12-06 07:06:04.231000|gdiadmin@glassbeam.com|||Tableau|False
gdi/gdi/podui|acba4a9a-f954-46c8-89c6-261f7aac419d||||2021-12-06 07:06:04.231000||||Prdashboard_g80|True|2021-12-06 07:06:04.231000|gdiadmin@glassbeam.com|||Tableau|False
gdi/gdi/podui|ae20af52-32fc-4d62-a327-756f752f2eec||||2021-12-06 05:08:07.602000||||Prdashboard_d26|True|2021-12-06 05:08:07.602000|gdiadmin@glassbeam.com|||Tableau|False
gdi/gdi/podui|aeeb03f4-04a3-4d0d-b120-b1c923e8d662||||2021-12-06 07:06:04.231000||||Prdashboard_f12|True|2021-12-06 07:06:04.231000|gdiadmin@glassbeam.com|||Tableau|False
gdi/gdi/podui|afcc5f8a-4710-4857-858d-b87cbaa5fc00||||2021-12-06 07:06:04.231000||||Prdashboard_e12|True|2021-12-06 07:06:04.231000|gdiadmin@glassbeam.com|||Tableau|False
gdi/gdi/podui|afd2beaf-d447-4006-aa46-1f7291d06f92||||2021-12-03 11:39:57.815000||||Prdashboard_b15|True|2021-12-03 11:39:57.815000|gdiadmin@glassbeam.com|||Tableau|False
gdi/gdi/podui|b0ade719-ee8a-4480-895e-536ac6d14bd5||||2021-12-06 05:08:07.602000||||Prdashboard_d35|True|2021-12-06 05:08:07.602000|gdiadmin@glassbeam.com|||Tableau|False
gdi/gdi/podui|b1dfe0da-f065-4b83-9627-93b27ac30964||||2021-12-06 05:08:07.602000||||Prdashboard_d34|True|2021-12-06 05:08:07.602000|gdiadmin@glassbeam.com|||Tableau|False
gdi/gdi/podui|b210c1ae-d31f-459f-9d15-434c1ae3d00a||||2021-12-06 07:06:04.231000||||Prdashboard_f75|True|2021-12-06 07:06:04.231000|gdiadmin@glassbeam.com|||Tableau|False
gdi/gdi/podui|b229659a-2a51-4ce8-abed-3acaa1b89887||||2021-12-06 07:06:04.231000||||Prdashboard_f97|True|2021-12-06 07:06:04.231000|gdiadmin@glassbeam.com|||Tableau|False
gdi/gdi/podui|b24e0762-d80a-401b-8a44-a1df44ba7b15||||2021-12-06 07:06:04.231000||||Prdashboard_e99|True|2021-12-06 07:06:04.231000|gdiadmin@glassbeam.com|||Tableau|False
gdi/gdi/podui|b2b3b84b-e087-4dd3-bab1-043b116f00e1||||2021-12-03 11:39:57.815000||||Prdashboard_b18|True|2021-12-03 11:39:57.815000|gdiadmin@glassbeam.com|||Tableau|False
gdi/gdi/podui|b2c9ea82-b768-42b3-977a-04a6c9af56ad||||2021-12-06 05:08:07.602000||||Prdashboard_d89|True|2021-12-06 05:08:07.602000|gdiadmin@glassbeam.com|||Tableau|False
gdi/gdi/podui|b34cdc84-13c1-442f-b09c-91440816a8e5||||2021-12-06 07:06:04.231000||||Prdashboard_g32|True|2021-12-06 07:06:04.231000|gdiadmin@glassbeam.com|||Tableau|False
gdi/gdi/podui|b3761754-843c-42c2-ac5a-66bf2a3bff44||||2021-07-27 14:22:07.483000||||CT Referral Analysis Trend Report (Sales)|True|2021-07-27 14:22:07.483000||||Tableau|False
gdi/gdi/podui|b3fd4d14-bf6e-4752-87d9-52aa6491ae28||||2021-12-06 07:06:04.231000||||Prdashboard_g17|True|2021-12-06 07:06:04.231000|gdiadmin@glassbeam.com|||Tableau|False
gdi/gdi/podui|b4b81adb-5818-4a82-80b1-e6c91fabf295||||2021-07-28 12:37:33.161000||||Change Over Time Analysis v501|True|2021-07-28 12:37:33.161000||||Tableau|False
gdi/gdi/podui|b4d3c148-629d-4e34-a465-5e2332ecc404||||2021-12-06 07:06:04.231000||||Prdashboard_f10|True|2021-12-06 07:06:04.231000|gdiadmin@glassbeam.com|||Tableau|False
gdi/gdi/podui|b5d26fc1-502f-4929-baac-10472a45491b||||2021-12-03 11:39:06.724000||||Prdashboard_b7|True|2021-12-03 11:39:06.724000|gdiadmin@glassbeam.com|||Tableau|False
gdi/gdi/podui|b613bbbc-ed74-4773-8b1c-55f57845488b||||2021-12-06 05:08:07.602000||||Prdashboard_d74|True|2021-12-06 05:08:07.602000|gdiadmin@glassbeam.com|||Tableau|False
gdi/gdi/podui|b6d6a22a-b415-4cf8-bc8f-4c9332ae4d0c||||2021-12-06 07:06:04.231000||||Prdashboard_g84|True|2021-12-06 07:06:04.231000|gdiadmin@glassbeam.com|||Tableau|False
gdi/gdi/podui|b74792d5-73b9-4194-9a55-25caa6bc717e||||2021-12-06 07:06:04.231000||||Prdashboard_g94|True|2021-12-06 07:06:04.231000|gdiadmin@glassbeam.com|||Tableau|False
gdi/gdi/podui|b776f47c-93f6-473e-9dc7-5b8375341c9a||||2021-12-06 07:06:04.231000||||Prdashboard_g30|True|2021-12-06 07:06:04.231000|gdiadmin@glassbeam.com|||Tableau|False
gdi/gdi/podui|b77c731d-c649-4254-88a5-0422545b0dfd||||2021-12-06 07:06:04.231000||||Prdashboard_g93|True|2021-12-06 07:06:04.231000|gdiadmin@glassbeam.com|||Tableau|False
gdi/gdi/podui|b78a7692-176a-4c29-a673-897459206719||||2021-07-28 12:37:33.161000||||Asset Utilization v5|True|2021-11-26 05:08:36.081000|gdiadmin@glassbeam.com|6f42eb8b-d319-4213-b1e2-b56cc80f81d1|Asset Utilization v5|Tableau|False
gdi/gdi/podui|b7aba335-b939-4784-b154-4e5ee66f03f8||||2021-12-06 07:06:04.231000||||Prdashboard_g26|True|2021-12-06 07:06:04.231000|gdiadmin@glassbeam.com|||Tableau|False
gdi/gdi/podui|b96f57ed-0feb-4298-8a4a-c4d584caaef9||||2021-12-06 07:06:04.231000||||Prdashboard_e85|True|2021-12-06 07:06:04.231000|gdiadmin@glassbeam.com|||Tableau|False
gdi/gdi/podui|ba398f22-1170-43e3-8513-0b32e4cd7c76||||2021-12-06 07:06:04.231000||||Prdashboard_f4|True|2021-12-06 07:06:04.231000|gdiadmin@glassbeam.com|||Tableau|False
gdi/gdi/podui|bb073984-77ae-4c3b-a0fc-df61529e9da9||||2021-12-06 05:08:07.602000||||Prdashboard_d98|True|2021-12-06 05:08:07.602000|gdiadmin@glassbeam.com|||Tableau|False
gdi/gdi/podui|bb26f0e7-52c0-490d-b16f-685deddd6da2||||2021-07-23 05:03:06.655000||||Benchmark v501|True|2021-07-23 05:03:06.655000||||Tableau|False
gdi/gdi/podui|bc0db968-6c32-4e53-8226-5d3d60b55e7d||||2021-12-06 07:06:04.231000||||Prdashboard_e90|True|2021-12-06 07:06:04.231000|gdiadmin@glassbeam.com|||Tableau|False
gdi/gdi/podui|bc2aab3b-6503-4236-a26d-d0543846eb89||||2021-12-06 07:06:04.231000||||Prdashboard_f47|True|2021-12-06 07:06:04.231000|gdiadmin@glassbeam.com|||Tableau|False
gdi/gdi/podui|bc4d1d80-3afc-4c46-ab94-14e5dd84605b||||2021-12-06 05:08:07.602000||||Prdashboard_d12|True|2021-12-06 05:08:07.602000|gdiadmin@glassbeam.com|||Tableau|False
gdi/gdi/podui|bc6469ea-b67c-4094-9be2-2088566e7334||||2021-12-06 07:06:04.231000||||Prdashboard_e80|True|2021-12-06 07:06:04.231000|gdiadmin@glassbeam.com|||Tableau|False
gdi/gdi/podui|bd31f09d-38fc-4d97-9722-f43dd8c2f0c3||||2021-12-06 05:08:07.602000||||Prdashboard_d58|True|2021-12-06 05:08:07.602000|gdiadmin@glassbeam.com|||Tableau|False
gdi/gdi/podui|bd7e18c8-36cf-4539-9bbd-fe5c33167d35||||2021-12-06 07:06:04.231000||||Prdashboard_g42|True|2021-12-06 07:06:04.231000|gdiadmin@glassbeam.com|||Tableau|False
gdi/gdi/podui|be3f4da8-c211-4d6a-aa69-8ef9a79820bb||||2021-12-06 05:08:07.602000||||Prdashboard_d61|True|2021-12-06 05:08:07.602000|gdiadmin@glassbeam.com|||Tableau|False
gdi/gdi/podui|be5d1917-7932-4860-afba-75a660403364||||2021-12-06 07:06:04.231000||||Prdashboard_f19|True|2021-12-06 07:06:04.231000|gdiadmin@glassbeam.com|||Tableau|False
gdi/gdi/podui|beb21af8-0704-42c0-9a6f-579cf88352b0||||2021-12-06 07:06:04.231000||||Prdashboard_g14|True|2021-12-06 07:06:04.231000|gdiadmin@glassbeam.com|||Tableau|False
gdi/gdi/podui|bfe4a20c-1d0a-404d-ba41-e85e8466273f||||2021-12-06 07:06:04.231000||||Prdashboard_g78|True|2021-12-06 07:06:04.231000|gdiadmin@glassbeam.com|||Tableau|False
gdi/gdi/podui|c0f274e7-dee6-46c8-9b7a-ab08aa72b2bf||||2021-12-06 05:08:07.602000||||Prdashboard_d41|True|2021-12-06 05:08:07.602000|gdiadmin@glassbeam.com|||Tableau|False
gdi/gdi/podui|c329b165-a345-4a2b-a466-aef09e4cae99||||2021-12-06 05:08:07.602000||||Prdashboard_d22|True|2021-12-06 05:08:07.602000|gdiadmin@glassbeam.com|||Tableau|False
gdi/gdi/podui|c346001a-e840-40d4-ad1d-f7c96a2fb854||||2021-12-06 07:06:04.231000||||Prdashboard_f59|True|2021-12-06 07:06:04.231000|gdiadmin@glassbeam.com|||Tableau|False
gdi/gdi/podui|c3d46771-de46-49ed-a6a3-c2ef9a9ecb2c||||2021-12-06 07:06:04.231000||||Prdashboard_e21|True|2021-12-06 07:06:04.231000|gdiadmin@glassbeam.com|||Tableau|False
gdi/gdi/podui|c3d58e93-e749-48b6-872d-59357ad44315||||2021-12-06 05:08:07.602000||||Prdashboard_d42|True|2021-12-06 05:08:07.602000|gdiadmin@glassbeam.com|||Tableau|False
gdi/gdi/podui|c3fbc1b2-0fe9-4f27-b6a1-69c6cdf4c831||||2021-12-03 11:39:06.724000||||Prdashboard_b11|True|2021-12-03 11:39:06.724000|gdiadmin@glassbeam.com|||Tableau|False
gdi/gdi/podui|c445f733-0c6c-4007-afca-292a035f507f||||2021-07-27 14:22:07.483000||||MRI Referral Analysis Trend Report (Sales)|True|2021-09-16 10:22:48.916000||||Tableau|False
gdi/gdi/podui|c4556257-b35b-4812-a050-838464d43298||||2021-12-06 07:06:04.231000||||Prdashboard_f61|True|2021-12-06 07:06:04.231000|gdiadmin@glassbeam.com|||Tableau|False
gdi/gdi/podui|c5290be9-18c3-4f5c-a9a8-046cc8941fa0||||2021-12-06 07:06:04.231000||||Prdashboard_f11|True|2021-12-06 07:06:04.231000|gdiadmin@glassbeam.com|||Tableau|False
gdi/gdi/podui|c5fbf3d3-87b0-4f8b-b31e-5c82c86747ff||||2021-12-03 11:23:56.408000||||Prdashboard_a16|True|2021-12-03 11:23:56.408000|gdiadmin@glassbeam.com|||Tableau|False
gdi/gdi/podui|c602884f-5de4-4b7a-afb8-a05dd44452fd||||2021-12-06 05:08:07.602000||||Prdashboard_d37|True|2021-12-06 05:08:07.602000|gdiadmin@glassbeam.com|||Tableau|False
gdi/gdi/podui|c6d21968-b27e-4a22-b06f-da5966199b6a||||2021-12-06 07:06:04.231000||||Prdashboard_g28|True|2021-12-06 07:06:04.231000|gdiadmin@glassbeam.com|||Tableau|False
gdi/gdi/podui|c77d849d-6b91-4b88-8904-80abbe27cd88||||2021-12-06 07:06:04.231000||||Prdashboard_g99|True|2021-12-06 07:06:04.231000|gdiadmin@glassbeam.com|||Tableau|False
gdi/gdi/podui|c7807fb0-6830-4e61-97e7-084eaf9f9106||||2021-12-06 07:06:04.231000||||Prdashboard_g69|True|2021-12-06 07:06:04.231000|gdiadmin@glassbeam.com|||Tableau|False
gdi/gdi/podui|c7e047de-40f5-4d22-818c-0b6903928632||||2021-12-06 07:06:04.231000||||Prdashboard_f69|True|2021-12-06 07:06:04.231000|gdiadmin@glassbeam.com|||Tableau|False
gdi/gdi/podui|c84bccda-8439-4079-9a2e-e50423b74568||||2021-12-03 11:39:06.724000||||Prdashboard_b9|True|2021-12-03 11:39:06.724000|gdiadmin@glassbeam.com|||Tableau|False
gdi/gdi/podui|c9727791-65cb-42ca-a688-fe08f1e122b1||||2021-12-06 05:08:07.602000||||Prdashboard_d70|True|2021-12-06 05:08:07.602000|gdiadmin@glassbeam.com|||Tableau|False
gdi/gdi/podui|c9bc1379-8b7c-4365-812c-8123fae50417||||2021-12-06 07:06:04.231000||||Prdashboard_e53|True|2021-12-06 07:06:04.231000|gdiadmin@glassbeam.com|||Tableau|False
gdi/gdi/podui|ca50de49-43d3-4600-82b4-66ab21083562||||2021-12-06 05:08:07.602000||||Prdashboard_d38|True|2021-12-06 05:08:07.602000|gdiadmin@glassbeam.com|||Tableau|False
gdi/gdi/podui|ca915cc9-2ed5-45f7-8a79-ea0c398cea85||||2021-12-06 07:06:04.231000||||Prdashboard_e32|True|2021-12-06 07:06:04.231000|gdiadmin@glassbeam.com|||Tableau|False
gdi/gdi/podui|cabdbde4-124c-47b0-9f1b-69677076cb5c||||2021-12-06 07:06:04.231000||||Prdashboard_f48|True|2021-12-06 07:06:04.231000|gdiadmin@glassbeam.com|||Tableau|False
gdi/gdi/podui|cb018966-8a60-45e4-bcd5-808755fd55af||||2021-12-06 07:06:04.231000||||Prdashboard_e95|True|2021-12-06 07:06:04.231000|gdiadmin@glassbeam.com|||Tableau|False
gdi/gdi/podui|cbecb4d8-a580-4f97-aa13-3b084c27d8b6||||2021-12-06 07:06:04.231000||||Prdashboard_g15|True|2021-12-06 07:06:04.231000|gdiadmin@glassbeam.com|||Tableau|False
gdi/gdi/podui|cc544e10-2f0e-4035-bd87-4e76aef25fe2||||2021-12-06 07:06:04.231000||||Prdashboard_g31|True|2021-12-06 07:06:04.231000|gdiadmin@glassbeam.com|||Tableau|False
gdi/gdi/podui|cce81649-8a0d-4e75-bfe8-ac45329d6a90||||2021-12-06 07:06:04.231000||||Prdashboard_g65|True|2021-12-06 07:06:04.231000|gdiadmin@glassbeam.com|||Tableau|False
gdi/gdi/podui|cf6bb9ca-785e-472c-b491-d78c031ffd0d||||2021-12-06 07:06:04.231000||||Prdashboard_f100|True|2021-12-06 07:06:04.231000|gdiadmin@glassbeam.com|||Tableau|False
gdi/gdi/podui|d00db82f-30a6-44f0-8ce7-15ca3cdf49db||||2021-12-06 07:06:04.231000||||Prdashboard_f49|True|2021-12-06 07:06:04.231000|gdiadmin@glassbeam.com|||Tableau|False
gdi/gdi/podui|d085278b-5736-4547-a395-72654ec11ee0||||2021-12-06 07:06:04.231000||||Prdashboard_g12|True|2021-12-06 07:06:04.231000|gdiadmin@glassbeam.com|||Tableau|False
gdi/gdi/podui|d0e84641-febb-410a-8149-2074c42f30a0||||2021-12-06 07:06:04.231000||||Prdashboard_g48|True|2021-12-06 07:06:04.231000|gdiadmin@glassbeam.com|||Tableau|False
gdi/gdi/podui|d134a059-5cd6-4de1-82a5-dbef764bcbff||||2021-12-06 07:06:04.231000||||Prdashboard_e78|True|2021-12-06 07:06:04.231000|gdiadmin@glassbeam.com|||Tableau|False
gdi/gdi/podui|d1d8b8ca-4725-4fe3-8feb-6858ec4dab48||||2021-12-06 07:06:04.231000||||Prdashboard_f29|True|2021-12-06 07:06:04.231000|gdiadmin@glassbeam.com|||Tableau|False
gdi/gdi/podui|d1e7cf9f-84b4-4718-a30d-7b088f656e95||||2021-07-23 05:03:06.655000||||Radiology Home Basic v501|True|2021-07-23 05:03:06.655000||||Tableau|False
gdi/gdi/podui|d22f5b04-9ae2-4d74-8b4e-07e5acbb90a6||||2021-12-06 07:06:04.231000||||Prdashboard_f43|True|2021-12-06 07:06:04.231000|gdiadmin@glassbeam.com|||Tableau|False
gdi/gdi/podui|d29f0f95-bcea-4641-bf2f-50e46e745ea4||||2021-12-03 11:23:56.408000||||Prdashboard_a11|True|2021-12-03 11:23:56.408000|gdiadmin@glassbeam.com|||Tableau|False
gdi/gdi/podui|d3081d40-a508-4f2f-81d2-07fd29c38fce||||2021-12-03 11:39:57.815000||||Prdashboard_b16|True|2021-12-03 11:39:57.815000|gdiadmin@glassbeam.com|||Tableau|False
gdi/gdi/podui|d349874b-db90-4393-bacd-98f0a4898003|False||gb|2018-01-11 00:00:00|||Dashboard|Customer Summary (Beta)|True|2018-01-16 00:00:00||||Internal|False
gdi/gdi/podui|d349874b-db90-4393-bacd-98f0a4898031|False||gb|2018-01-11 00:00:00|||Dashboard|Clinsight|True|2020-08-18 09:36:26.850000|gdiadmin@glassbeam.com|||Internal|False
gdi/gdi/podui|d349874b-db90-4393-bacd-98f0a4898032|False|True|gb|2018-01-11 00:00:00|||Dashboard|Clinsight|False|2021-06-17 05:26:05.235000|gdisupport@glassbeam.com|||Internal|False
gdi/gdi/podui|d349874b-db90-4393-bacd-98f0a4898901|False||gb|2018-01-11 00:00:00|||Dashboard|Clinsight Radiology|True|2021-11-11 07:58:18.410000||||Internal|False
gdi/gdi/podui|d349874b-db90-4393-bacd-98f0a4899402|False||gb|2018-01-11 00:00:00|||Dashboard|Pre-Clarification Dashboard|True|2021-11-04 07:23:11.321000||||Internal|False
gdi/gdi/podui|d3f3fb59-70b7-48d0-a648-f9076f64be50||||2021-12-06 07:06:04.231000||||Prdashboard_f95|True|2021-12-06 07:06:04.231000|gdiadmin@glassbeam.com|||Tableau|False
gdi/gdi/podui|d57c08fe-8303-4053-a13b-6bed977673ef||||2021-12-06 07:06:04.231000||||Prdashboard_e13|True|2021-12-06 07:06:04.231000|gdiadmin@glassbeam.com|||Tableau|False
gdi/gdi/podui|d684ab92-0b95-4bfa-b489-3344611b84ee||||2021-12-03 11:23:56.408000||||Prdashboard_a3|True|2021-12-03 11:23:56.408000|gdiadmin@glassbeam.com|||Tableau|False
gdi/gdi/podui|d6908b62-1be8-4e3c-87b3-f380448a626c||||2021-12-03 11:23:56.408000||||Prdashboard_a10|True|2021-12-03 11:23:56.408000|gdiadmin@glassbeam.com|||Tableau|False
gdi/gdi/podui|d75a8f26-cbe0-4309-b557-e117b6a3c94e||||2021-12-06 05:08:07.602000||||Prdashboard_d36|True|2021-12-06 05:08:07.602000|gdiadmin@glassbeam.com|||Tableau|False
gdi/gdi/podui|d7b56306-fc8f-4b32-be24-d8575f532ae8||||2021-12-06 07:06:04.231000||||Prdashboard_g35|True|2021-12-06 07:06:04.231000|gdiadmin@glassbeam.com|||Tableau|False
gdi/gdi/podui|d7cdf106-24c5-47de-ab68-5d10a6e7229c||||2021-12-03 12:33:57.648000||||Prdashboard_c2|True|2021-12-03 12:33:57.648000|gdiadmin@glassbeam.com|||Tableau|False
gdi/gdi/podui|d84d8284-5d77-48ed-bb5e-51d0433c3241||||2021-12-06 07:06:04.231000||||Prdashboard_g4|True|2021-12-06 07:06:04.231000|gdiadmin@glassbeam.com|||Tableau|False
gdi/gdi/podui|d87926f2-f534-43a1-be9b-d0c5030ee802||||2021-12-06 07:06:04.231000||||Prdashboard_f98|True|2021-12-06 07:06:04.231000|gdiadmin@glassbeam.com|||Tableau|False
gdi/gdi/podui|d8b38708-ff0c-4805-8338-c13941109f36||||2021-12-06 07:06:04.231000||||Prdashboard_e45|True|2021-12-06 07:06:04.231000|gdiadmin@glassbeam.com|||Tableau|False
gdi/gdi/podui|d9384f06-3795-4e56-86be-3045647fecda||||2021-12-06 07:06:04.231000||||Prdashboard_e76|True|2021-12-06 07:06:04.231000|gdiadmin@glassbeam.com|||Tableau|False
gdi/gdi/podui|d9594414-f818-4503-aa8a-c4001283a91b||||2021-12-06 07:06:04.231000||||Prdashboard_f2|True|2021-12-06 07:06:04.231000|gdiadmin@glassbeam.com|||Tableau|False
gdi/gdi/podui|d99f937d-1527-454b-8b71-89ce5a4532b8||||2021-12-03 11:39:06.724000||||Prdashboard_b6|True|2021-12-03 11:39:06.724000|gdiadmin@glassbeam.com|||Tableau|False
gdi/gdi/podui|da9ea4f9-459b-4608-966f-519e182695a9||||2021-12-06 07:06:04.231000||||Prdashboard_f88|True|2021-12-06 07:06:04.231000|gdiadmin@glassbeam.com|||Tableau|False
gdi/gdi/podui|dbc8f712-b41e-4607-bf8c-ba3ba23b3d34||||2021-12-06 07:06:04.231000||||Prdashboard_e68|True|2021-12-06 07:06:04.231000|gdiadmin@glassbeam.com|||Tableau|False
gdi/gdi/podui|dc31ce16-a935-47fc-8507-a4473fef286b||||2021-12-06 07:06:04.231000||||Prdashboard_e91|True|2021-12-06 07:06:04.231000|gdiadmin@glassbeam.com|||Tableau|False
gdi/gdi/podui|dc95a75b-87d0-49ac-a264-49357a828583||||2021-12-06 05:08:07.602000||||Prdashboard_d52|True|2021-12-06 05:08:07.602000|gdiadmin@glassbeam.com|||Tableau|False
gdi/gdi/podui|ddd19faa-926e-4edf-adf3-2f755f587a4f||||2021-12-06 05:08:07.602000||||Prdashboard_d79|True|2021-12-06 05:08:07.602000|gdiadmin@glassbeam.com|||Tableau|False
gdi/gdi/podui|ded5878e-e7c4-49ff-82b4-e9fd56946d0d||||2021-12-06 07:06:04.231000||||Prdashboard_e14|True|2021-12-06 07:06:04.231000|gdiadmin@glassbeam.com|||Tableau|False
gdi/gdi/podui|df105f32-2e31-4adf-be8a-bfcd1549ad16||||2021-12-06 07:06:04.231000||||Prdashboard_e58|True|2021-12-06 07:06:04.231000|gdiadmin@glassbeam.com|||Tableau|False
gdi/gdi/podui|df1293b8-ddcd-4705-8d49-d56df5817c75||||2021-12-06 05:08:07.602000||||Prdashboard_d51|True|2021-12-06 05:08:07.602000|gdiadmin@glassbeam.com|||Tableau|False
gdi/gdi/podui|df992f5d-d328-45a8-b7fd-283f7d0436d9||||2021-12-03 11:23:56.408000||||Prdashboard_a5|True|2021-12-03 11:23:56.408000|gdiadmin@glassbeam.com|||Tableau|False
gdi/gdi/podui|dfa953f6-3ffb-4507-bc93-84e8da176113||||2021-12-06 07:06:04.231000||||Prdashboard_g57|True|2021-12-06 07:06:04.231000|gdiadmin@glassbeam.com|||Tableau|False
gdi/gdi/podui|e01244c4-84ff-4e41-929e-d5791ca05a72||||2021-12-06 07:06:04.231000||||Prdashboard_g51|True|2021-12-06 07:06:04.231000|gdiadmin@glassbeam.com|||Tableau|False
gdi/gdi/podui|e07c7e70-70c4-4390-816f-8714269af57d||||2021-12-06 07:06:04.231000||||Prdashboard_f79|True|2021-12-06 07:06:04.231000|gdiadmin@glassbeam.com|||Tableau|False
gdi/gdi/podui|e0cb058f-071c-4f17-b6ac-24e9a70af06e||||2021-12-03 11:39:57.815000||||Prdashboard_b14|True|2021-12-03 11:39:57.815000|gdiadmin@glassbeam.com|||Tableau|False
gdi/gdi/podui|e1fe4aa8-6b0c-4d25-a428-ab5608354b4b||||2021-07-27 14:22:07.483000||||Sales Home|True|2021-07-27 14:22:07.483000||||Tableau|False
gdi/gdi/podui|e25be705-3453-4556-8a9f-eb76fa2bc0f1||||2021-12-06 07:06:04.231000||||Prdashboard_f25|True|2021-12-06 07:06:04.231000|gdiadmin@glassbeam.com|||Tableau|False
gdi/gdi/podui|e2d42dbd-5ec7-4376-aa60-bafcc474555f||||2021-12-06 07:06:04.231000||||Prdashboard_e16|True|2021-12-06 07:06:04.231000|gdiadmin@glassbeam.com|||Tableau|False
gdi/gdi/podui|e3003625-7ed3-41cb-8996-8d4096e5e04b||||2021-12-06 07:06:04.231000||||Prdashboard_e70|True|2021-12-06 07:06:04.231000|gdiadmin@glassbeam.com|||Tableau|False
gdi/gdi/podui|e341d293-998d-477e-b98b-3e191b619850||||2021-12-06 07:06:04.231000||||Prdashboard_g95|True|2021-12-06 07:06:04.231000|gdiadmin@glassbeam.com|||Tableau|False
gdi/gdi/podui|e36dfade-fefd-4b46-a47f-7f187fd55215||||2021-12-06 07:06:04.231000||||Prdashboard_g88|True|2021-12-06 07:06:04.231000|gdiadmin@glassbeam.com|||Tableau|False
gdi/gdi/podui|e397cd6a-cbf2-49ec-b1c3-c87b01720487||||2021-12-06 07:06:04.231000||||Prdashboard_f86|True|2021-12-06 07:06:04.231000|gdiadmin@glassbeam.com|||Tableau|False
gdi/gdi/podui|e3ef8650-934a-44db-b902-e5d4b61bbe6c||||2021-12-06 07:06:04.231000||||Prdashboard_e23|True|2021-12-06 07:06:04.231000|gdiadmin@glassbeam.com|||Tableau|False
gdi/gdi/podui|e47a3240-234e-4e67-9a9e-7aa6c8202667||||2021-12-03 12:33:57.648000||||Prdashboard_c18|True|2021-12-03 12:33:57.648000|gdiadmin@glassbeam.com|||Tableau|False
gdi/gdi/podui|e4abc9af-6a81-4931-b829-76c63025aef4||||2021-12-06 05:08:07.602000||||Prdashboard_d75|True|2021-12-06 05:08:07.602000|gdiadmin@glassbeam.com|||Tableau|False
gdi/gdi/podui|e585c851-aa04-4106-ab2d-434f31f18201||||2021-12-06 07:06:04.231000||||Prdashboard_g66|True|2021-12-06 07:06:04.231000|gdiadmin@glassbeam.com|||Tableau|False
gdi/gdi/podui|e60837d9-9851-4a28-8048-374d3387bfd7||||2021-12-06 07:06:04.231000||||Prdashboard_e40|True|2021-12-06 07:06:04.231000|gdiadmin@glassbeam.com|||Tableau|False
gdi/gdi/podui|e7c32ce2-a193-494e-8732-3feb7f596d0a||||2021-12-06 07:06:04.231000||||Prdashboard_g98|True|2021-12-06 07:06:04.231000|gdiadmin@glassbeam.com|||Tableau|False
gdi/gdi/podui|e7fb1666-bf0e-4a39-8991-8edc7ecba6ee||||2021-12-06 07:06:04.231000||||Prdashboard_f84|True|2021-12-06 07:06:04.231000|gdiadmin@glassbeam.com|||Tableau|False
gdi/gdi/podui|e81d928b-929c-45ba-b96d-7167ca5067d3||||2021-12-06 07:06:04.231000||||Prdashboard_e62|True|2021-12-06 07:06:04.231000|gdiadmin@glassbeam.com|||Tableau|False
gdi/gdi/podui|e8224b64-6f87-4a38-b1da-cbe0ab45099e||||2021-12-06 07:06:04.231000||||Prdashboard_f55|True|2021-12-06 07:06:04.231000|gdiadmin@glassbeam.com|||Tableau|False
gdi/gdi/podui|e8590766-ace1-4e60-86c3-afbb0de5b64e||||2021-12-06 07:06:04.231000||||Prdashboard_g27|True|2021-12-06 07:06:04.231000|gdiadmin@glassbeam.com|||Tableau|False
gdi/gdi/podui|e954e2f7-d483-4aec-8012-f8803fe26788||||2021-12-06 07:06:04.231000||||Prdashboard_e20|True|2021-12-06 07:06:04.231000|gdiadmin@glassbeam.com|||Tableau|False
gdi/gdi/podui|e9592d55-962c-46d1-ac2a-892884e08e49||||2021-12-06 07:06:04.231000||||Prdashboard_g55|True|2021-12-06 07:06:04.231000|gdiadmin@glassbeam.com|||Tableau|False
gdi/gdi/podui|e95b73f1-82d2-4463-a4e3-5bc9bcde280d||||2021-12-06 07:06:04.231000||||Prdashboard_e94|True|2021-12-06 07:06:04.231000|gdiadmin@glassbeam.com|||Tableau|False
gdi/gdi/podui|e9c59868-75ad-4fc7-bd1c-bcd79b87b29f||||2021-12-03 11:23:56.408000||||Prdashboard_a14|True|2021-12-03 11:23:56.408000|gdiadmin@glassbeam.com|||Tableau|False
gdi/gdi/podui|e9f3719b-3805-4a10-8d8b-e8f15db36994||||2021-12-06 07:06:04.231000||||Prdashboard_e30|True|2021-12-06 07:06:04.231000|gdiadmin@glassbeam.com|||Tableau|False
gdi/gdi/podui|ec695820-f427-4e42-8f06-e2428f16c2f0||||2021-12-06 05:08:07.602000||||Prdashboard_d88|True|2021-12-06 05:08:07.602000|gdiadmin@glassbeam.com|||Tableau|False
gdi/gdi/podui|ed3a2a7e-a0f9-4236-b1fa-a8181d9014dc||||2021-12-03 12:33:57.648000||||Prdashboard_c17|True|2021-12-03 12:33:57.648000|gdiadmin@glassbeam.com|||Tableau|False
gdi/gdi/podui|ed6ec537-8283-47d4-83ab-c4aeb59a8b1a||||2021-12-06 07:06:04.231000||||Prdashboard_g11|True|2021-12-06 07:06:04.231000|gdiadmin@glassbeam.com|||Tableau|False
gdi/gdi/podui|ed7d08e5-ca69-4c44-af3b-3081088052d6||||2021-12-06 07:06:04.231000||||Prdashboard_f80|True|2021-12-06 07:06:04.231000|gdiadmin@glassbeam.com|||Tableau|False
gdi/gdi/podui|ed8b5ed4-825e-456b-88ba-0715c5bcaa5b||||2021-12-06 07:06:04.231000||||Prdashboard_g50|True|2021-12-06 07:06:04.231000|gdiadmin@glassbeam.com|||Tableau|False
gdi/gdi/podui|edbdf3e7-e666-48d8-85d4-a5f036a237b5||||2021-12-06 05:08:07.602000||||Prdashboard_d18|True|2021-12-06 05:08:07.602000|gdiadmin@glassbeam.com|||Tableau|False
gdi/gdi/podui|edcba6ad-151c-4979-8453-357a9af171dc||||2021-12-06 07:06:04.231000||||Prdashboard_e86|True|2021-12-06 07:06:04.231000|gdiadmin@glassbeam.com|||Tableau|False
gdi/gdi/podui|ee08f0ab-cd00-4173-9eb3-24d5ae812ca9||||2021-12-06 07:06:04.231000||||Prdashboard_g72|True|2021-12-06 07:06:04.231000|gdiadmin@glassbeam.com|||Tableau|False
gdi/gdi/podui|ee589044-6079-4f87-8436-499d9b2f3c1c||||2021-12-06 07:06:04.231000||||Prdashboard_e63|True|2021-12-06 07:06:04.231000|gdiadmin@glassbeam.com|||Tableau|False
gdi/gdi/podui|eeb3d3bd-a9a7-46ae-aafd-cb16ea28d8a4||||2021-07-27 14:22:07.483000||||Referral Analysis Other Views (Sales)|True|2021-07-27 14:22:07.483000||||Tableau|False
gdi/gdi/podui|ef4ac196-d592-49c1-bf93-57bb9b612402||||2021-12-06 07:06:04.231000||||Prdashboard_g21|True|2021-12-06 07:06:04.231000|gdiadmin@glassbeam.com|||Tableau|False
gdi/gdi/podui|efc1bc50-4d3d-4861-b26e-2a8dabd7ee71||||2021-12-06 07:06:04.231000||||Prdashboard_f74|True|2021-12-06 07:06:04.231000|gdiadmin@glassbeam.com|||Tableau|False
gdi/gdi/podui|f0215b2d-adb5-486c-9c13-ba748ecbe252||||2021-12-06 07:06:04.231000||||Prdashboard_f23|True|2021-12-06 07:06:04.231000|gdiadmin@glassbeam.com|||Tableau|False
gdi/gdi/podui|f1a39e02-7bc1-4253-8429-49a3a3551769||||2021-12-06 07:06:04.231000||||Prdashboard_e77|True|2021-12-06 07:06:04.231000|gdiadmin@glassbeam.com|||Tableau|False
gdi/gdi/podui|f1d6ea31-540b-4c8e-b00b-d920c107aaf8||||2021-12-06 07:06:04.231000||||Prdashboard_e34|True|2021-12-06 07:06:04.231000|gdiadmin@glassbeam.com|||Tableau|False
gdi/gdi/podui|f27112ba-5532-475d-873f-4111f70e621a||||2021-12-06 05:08:07.602000||||Prdashboard_d56|True|2021-12-06 05:08:07.602000|gdiadmin@glassbeam.com|||Tableau|False
gdi/gdi/podui|f2ad2be7-76ec-4a70-aa00-a3112b1576d4||||2021-12-06 07:06:04.231000||||Prdashboard_e87|True|2021-12-06 07:06:04.231000|gdiadmin@glassbeam.com|||Tableau|False
gdi/gdi/podui|f2ba79b6-8dca-4d95-8c0b-9e1585682b40||||2021-12-06 07:06:04.231000||||Prdashboard_f31|True|2021-12-06 07:06:04.231000|gdiadmin@glassbeam.com|||Tableau|False
gdi/gdi/podui|f2fc1565-528a-4d40-b184-3445cb290fc6||||2021-12-06 07:06:04.231000||||Prdashboard_e7|True|2021-12-06 07:06:04.231000|gdiadmin@glassbeam.com|||Tableau|False
gdi/gdi/podui|f3ce03f1-0d26-4760-8a0f-461b93711405||||2021-12-06 07:06:04.231000||||Prdashboard_g100|True|2021-12-06 07:06:04.231000|gdiadmin@glassbeam.com|||Tableau|False
gdi/gdi/podui|f40d7adc-6513-4701-aaf9-a615008dbd2c||||2021-12-03 12:33:57.648000||||Prdashboard_c8|True|2021-12-03 12:33:57.648000|gdiadmin@glassbeam.com|||Tableau|False
gdi/gdi/podui|f460b229-2b64-44d5-8698-917acae78d5c||||2021-12-06 07:06:04.231000||||Prdashboard_e57|True|2021-12-06 07:06:04.231000|gdiadmin@glassbeam.com|||Tableau|False
gdi/gdi/podui|f4921f57-47b6-4b9e-b67a-68160465b5e7||||2021-12-06 05:08:07.602000||||Prdashboard_d48|True|2021-12-06 05:08:07.602000|gdiadmin@glassbeam.com|||Tableau|False
gdi/gdi/podui|f4cf3157-81f5-432f-8770-3fe23ca304b2||||2021-12-06 05:08:07.602000||||Prdashboard_d85|True|2021-12-06 05:08:07.602000|gdiadmin@glassbeam.com|||Tableau|False
gdi/gdi/podui|f512f632-8599-4d1e-91ff-ff2a854c91e3||||2021-12-06 07:06:04.231000||||Prdashboard_e5|True|2021-12-06 07:06:04.231000|gdiadmin@glassbeam.com|||Tableau|False
gdi/gdi/podui|f63fd638-a94e-4fac-b4da-85f2553a626d||||2021-12-06 07:06:04.231000||||Prdashboard_f81|True|2021-12-06 07:06:04.231000|gdiadmin@glassbeam.com|||Tableau|False
gdi/gdi/podui|f699552e-620c-40d0-84cb-4bae584f6497||||2021-12-06 07:06:04.231000||||Prdashboard_e47|True|2021-12-06 07:06:04.231000|gdiadmin@glassbeam.com|||Tableau|False
gdi/gdi/podui|f6bc0455-5058-4175-b5bf-baf8808534f2||||2021-12-06 05:08:07.602000||||Prdashboard_d76|True|2021-12-06 05:08:07.602000|gdiadmin@glassbeam.com|||Tableau|False
gdi/gdi/podui|f72ae1e0-b1ef-4551-8d7a-01058e3db3c6||||2021-12-06 07:06:04.231000||||Prdashboard_f32|True|2021-12-06 07:06:04.231000|gdiadmin@glassbeam.com|||Tableau|False
gdi/gdi/podui|f760769a-1613-45f5-8614-fac1df26d76a||||2021-12-03 11:23:56.408000||||Prdashboard_a4|True|2021-12-03 11:23:56.408000|gdiadmin@glassbeam.com|||Tableau|False
gdi/gdi/podui|f9bca89e-7d4d-4882-b8b2-61a0d7ec1a70||||2021-12-06 05:08:07.602000||||Prdashboard_d46|True|2021-12-06 05:08:07.602000|gdiadmin@glassbeam.com|||Tableau|False
gdi/gdi/podui|face075a-b171-4ef4-bd0e-2f8565c32d89||||2021-12-06 07:06:04.231000||||Prdashboard_e39|True|2021-12-06 07:06:04.231000|gdiadmin@glassbeam.com|||Tableau|False
gdi/gdi/podui|fb744fda-d390-462d-9f83-d7171accd2f3||||2021-12-06 07:06:04.231000||||Prdashboard_e41|True|2021-12-06 07:06:04.231000|gdiadmin@glassbeam.com|||Tableau|False
gdi/gdi/podui|fdc489d3-1ce2-4b09-8763-5218c2763d74||||2021-12-06 05:08:07.602000||||Prdashboard_d94|True|2021-12-06 05:08:07.602000|gdiadmin@glassbeam.com|||Tableau|False
gdi/gdi/podui|feab7ef9-32fd-4612-b337-6734eea9c44a||||2021-12-06 07:06:04.231000||||Prdashboard_f3|True|2021-12-06 07:06:04.231000|gdiadmin@glassbeam.com|||Tableau|False
gdi/gdi/podui|fed461ad-f4e6-4240-a850-5c72208f7509||||2021-07-23 05:03:06.655000||||Referral Analysis Other Views v501|True|2021-07-23 05:03:06.655000||||Tableau|False
gdi/gdi/podui|ff016930-d2c2-49ab-87d7-fa3d4b3ab72c||||2021-12-06 05:08:07.602000||||Prdashboard_d86|True|2021-12-06 05:08:07.602000|gdiadmin@glassbeam.com|||Tableau|False
